path,sha256,bytes
.dockerignore,ab24be21fa795a25df49d23045ab04faea2820a0dc109bc8185b0254e2bf4db5,132
.gitignore,2f9aebd7a15d0a9e62d69bff1c888bb93ec5eab506a9db272de622defda4735c,30
.npmrc,c0ce28ac800773efb43ee1a8a207df82089cc9a9e0d91bc973942beee1b3cfb4,60
data/config/active-runtime-source-stack.v1.94.2.json,ae9a5b3d586c32531e6934559a0ea271eed1242e6767fe77b095bfe87edc88c2,998
data/season1/card-preview.generated.v0.16.2.json,f94d45cc43aec39723219db56419b0649e7ada48d3236fccf68a3b689b7b79d1,501091
data/season1/cards.runtime.v0.16.2.json,79f090fb78fb45b6fc48646c664438d5d5d4c3bab67f72aa36bc89bbccbd89f0,3372618
data/season1/effect-checkpoint.v0.15.2.json,c76b681025136f39d4600871f3240a599abd4e015477889d2123fc8dc9ff9918,1694
data/season1/effect-recipes.runtime.v0.15.2.json,173728d564f93d95afda938426492ce853f88179e67ca4147a5fb9c530255b3d,4789396
data/season1/hero-components.runtime.v1.1.0.json,dd9214ff354b42a644c98d0b30d1b3535db404a36f12c1550a181bf51b505a45,50888
data/season1/legality-map.runtime.v1.5.0.json,cb2ec172077efe3a52f6fc4b89e0556215348b97d9b773e63a0997499e49f955,666885
data/starter-decks/active/starter_01_elemental_lord_conqueror_renegade_GL_DECK_1_0.json,7dd79899df1e392f6e20dcea9c37ec5cc0fd4bc4f1518e24189dc47834900906,12042
data/starter-decks/active/starter_02_saint_crusader_grand_ranger_GL_DECK_1_0.json,6a8cf81226a2c6eceedb0e787d997500785516c2e39dfadce1c4aa7e5f2a7016,11797
data/starter-decks/active/starter_03_arcane_duelist_elemental_lord_saint_GL_DECK_1_0.json,654235085752ca52cf42dc5df94bfa5551c2edb068e6b54c0b61c1d99bea3481,12056
data/starter-decks/active/starter_04_grand_ranger_grand_arbalest_renegade_GL_DECK_1_0.json,a92148153a57ef1fdc96f6582424c47251fb8b39fa235c5660323a6bde0fbdda,11708
data/starter-decks/active/starter_05_renegade_arcane_duelist_elemental_lord_GL_DECK_1_0.json,2367b595bd74c546ee83ecdfe39b16d594deaada89afa08d0232ad19b9640324,12347
data/starter-decks/ACTIVE_STARTERS_v1.6.1.json,d818646d13bf41414d81aedeb14495e8308b2882c7f9bd2e50215be5e615dd10,4460
data/starter-decks/Grandis_Legacy_Starter_Deck_Presets_v1.6.1_LocalAI_PvP.json,c3314691accc56089e04bb95bd2f9987f2c90aec48907ff6104c04d6d0d0fc28,69122
Dockerfile,2b7a60bc4713b8c632df36ba533ed278a1ff80d1ff29c4b963bd1919a6d61f1b,330
docs/APPLY_GITHUB_NORTHFLANK.md,1d7c49917705f9418846cdd5184080e73ba5d4ce71006b51fae70eaa4b6516cd,1125
docs/AUTHORITY_MAP_v2.6.15.md,f31b29da6c5cb3848184871a6f647b4ddeaf5fba70cae5e9d640b4b5526973f8,262
docs/GITHUB_SUMMARY_v2.6.15.txt,890ddd87d217bef414005478cefdda68a077e60694b1f6e7c788fc986ec2c50d,22
docs/GITHUB_SUMMARY_v2.6.16.txt,f6d3c4fb24a4ec3e4e4720b4816907b6d5f9dbb48f6461fd043b70803852f898,353
docs/GITHUB_SUMMARY_v2.6.17.txt,cab8d028bba19ba72dcfd3da7a7fc5e9ff1b7d36d003c668bf85da7c3fc9a8ad,821
docs/GITHUB_SUMMARY_v2.6.19.txt,5f8bd144d6b5d9fa727228b1e321cda45f4f94de508529ed5f42650ce3c69435,63
docs/GITHUB_SUMMARY_v3.01.txt,6be9530cf484931f68ab99917417ec153f7646ca8e6f8547676747cb710ce0c4,62
docs/GITHUB_SUMMARY_v3.03.txt,98e5e6debb7aff4a9bd4b5754c6689f4fd26196c45e8b9c79c8b6d73b23a0da6,131
docs/GITHUB_SUMMARY_v3.04.txt,32e8cb828a94bd1e9a5c7b2ba4a88b5a8b37157692bc85887c402d58a9f602ad,119
docs/GITHUB_SUMMARY_v3.05.txt,5449e70137f023fd1838559ca35a2a20cf2485576ffe487329f6dd2891379ef8,156
docs/KNOWN_LIMITATIONS_v2.6.15.md,b76bd717e429ea1e3afc28e8365227083042b65d8d8e4a3a8ca105df13cc5e57,205
docs/QA_CHECKLIST_v2.6.15.md,5e2632e2fe9a3c1a7354f82115c3c12f0033682ca0b3a17fcbfc1c99ab88f23a,354
docs/templates/deploy-pages-dedicated-repo.yml,eab271a8cef475f864ba4e1806215aba1c51a02eb3300ae15356d042dded73f7,721
package-lock.json,382475559753fed49c4f33229f4c621f338cfc4c35656d86ec5e34014fe1975e,904
package.json,770a07143b6bd2329d043b63e6fd0877f96be880c2cccced0cca12ea6ca8b3b5,13521
public/.nojekyll,e3b0c44298fc1c149afbf4c8996fb92427ae41e4649b934ca495991b7852b855,0
public/assets/audio/battle/Dodge.mp3,e07d8c4a9e1140a4de47336fa7c9710877108f5250cd6dd24f31365200d125ff,96000
public/assets/audio/battle/Heal.mp3,cc1b799d0a163ac839956b0790b9718bffa2e7f17c6dd6c020afc6c3a3745e96,55380
public/assets/audio/battle/M.Atk.mp3,f5135d95c80dcfedf5970448a31bf3d6e833627a1824dee0c4cb092d0ee0f24b,33600
public/assets/audio/battle/M.Def.mp3,9fdb77b5bdcd389d555d267ed24f90164b6fe57b534cf2af5476025e0cdeff18,63744
public/assets/audio/battle/P.Atk.mp3,c8a321eff1e55b56a14cfaf2e68db65eb785ccaee60b4ccd0d06936e18027735,60672
public/assets/audio/battle/P.Def.mp3,f1b760212636c96bb891d27d0fe54b163072a9edc45a6293d5c26be95d556c99,29257
public/assets/audio/Card Sound.mp3,1c04e41918b392a643c22d6c02ef34eeab0341c70d46b7d517078725b79d8ee4,30929
public/assets/audio/Coin Flip.mp3,b4842f9a3f2d25004223313f5473bef74afd79915b6af9bdb35c70f6df8c2b50,17280
public/assets/Background.png,03bd71e201ddad36c9d044b00ded9589eb0e8054a9324aacb68f3668584d2df5,2333666
public/assets/battle/Blade.png,babb68059849ea7cb9aedbe0b30cb0bdf0198ae54bebe7fef582c065578b8849,89243
public/assets/battle/Heal.png,5ab9da2f756f10083a169d541cbd8e2c4f475b083db5215ee3265a07fc224370,743085
public/assets/battle/M.Attack.png,7abb2701ab9315b495f068eb2a0d9d92219c72defb34e30060dabeb5695299d6,1213683
public/assets/battle/M.Defense.png,a7a33723dcdde086393012dd2228266e22b7f091a6aea0fe889256605375144a,1703111
public/assets/battle/P.Attack.png,b9a56d15c39d75d0f4953afd1121cf4a60d517601b95bfe3f090ff2152848646,1031738
public/assets/battle/P.Defense.png,56ca1ed4f5c3a8550aecd0f00b3b24c11d543b0b9789979f7b8bbca2d4691afe,1055127
public/assets/counters/Counter-1.png,0163a05b27ab59f3a94cf379ccd5b61e69e9d0819fb3a56e79fc7e13e31a047a,322454
public/assets/counters/Counter-2.png,ad7f17e7ffe9290df4ed06810b6bd80417133e56a14eaa9a14cf8db3310d6bb4,331027
public/assets/counters/Counter-3.png,eef0182e7fe1824d0265d9e9419f2ea81ae594a374ba8ed3de56e9c1e90c21e3,325302
public/assets/counters/Counter-4.png,0b3169cb24c2b0e50aa72c2883c0dd970467915d5b48d2a74c2bc65a9e450c6a,319404
public/assets/counters/Counter-5.png,85f314ae9c68b8e05b27c08f89a9e208b12969e6cb113ef45acd2967928266de,329164
public/assets/counters/Counter-6.png,9b45066100db47a512cea48d91f277899eff1a1b03a97524a634a7b7a438a4ae,324062
public/assets/counters/Counter.png,721304ae162efb52a15ea70f7218390cab4cf022665c4a63349fbe8daa34b0cf,2316357
public/assets/exp/Stack 100-200EXP.png,cadec62c02c8427f13e07490068b31de1f59643a220a5fa0540fd01a16e2250b,219538
public/assets/favicon.png,ba3c77d7c9172a375ad23fb449ad44a1ff4d7dad53a56770f71e352cbc7cb03d,10391
public/assets/Field.png,c50d530c7ad4b812b2b6bba3bbbd6d0f084a4f3e3a2ccee2a796168265d3fabe,28868
public/assets/fonts/noto-sans/NotoSans-Italic-Variable.woff2,d1cd64b1d71e55d3548eacdda2235d5ce3b5c15bd8ff1b40a461442a7f819b57,1018368
public/assets/fonts/noto-sans/NotoSans-Variable.woff2,4204916b05eabc58243435a9ddfef2a4b88b29c4547aac811c6818695eafcb11,888276
public/assets/fonts/noto-sans/OFL.txt,e51d69f5e43cacd83ab6e5f3f1a47005380ae08b6d108d444be49e786d127458,4396
public/assets/lobby/background.webp,487496dc5ac86b037002a196d17062da05ca925ea16253a0a9532e008bfe44b0,32642
public/assets/lobby/chevron-down.png,ffb2be69858295e8dc51841c035a6d0f717447e786394f43edf9aa6abf938fac,319
public/assets/lobby/exit.png,7ab49d201942b7334867609ad6152e894b25a46fac465c461faccd177ed3bd46,439
public/assets/lobby/grandis-legacy-logo.webp,c62604a77d5307612c10e47a5eba0337d01b4bb1bb801d97dc4fe844208de8d0,132856
public/assets/lobby/swap.png,b9e181e1fc207a223f2fb615ed0dc851812ef93acfedb6088a5e5b8714e9034f,1089970
public/assets/mana-shards/Archer.webp,78b1165ba6cdfa20770e07d791af6ec1ea82fae04a94324f4acf3296c9e4c702,62554
public/assets/mana-shards/Cleric.webp,f5b6b8f9cb99d3da6adb0de30393c6fcd899fe660af3a31c7ef42a70e6953de2,73402
public/assets/mana-shards/Generic.webp,5bb2485e987b8895c5e2185ed78b162f2abde05b216ea6358db473d7fc389fef,63822
public/assets/mana-shards/Mage.webp,9eb9ad3e34536574834b638c1582387baa142b47b7191488b2f28021b483015c,68020
public/assets/mana-shards/Thief.webp,5e16ab253a6d3ea67a93163a763c4342b338875a30f6068c8e4916a254bc6bfc,57350
public/assets/mana-shards/Warrior.webp,c8844db5a13963c0ca43541d72e0103355f3985965ea51e2d8b435bdc8946dc9,69952
public/assets/status-icons/Icon-Bleed.png,d64592f80dc70c4a092ee20c22ea06537361d21b1ba3b1ddd35de58dad21aeb6,5756
public/assets/status-icons/Icon-Burn.png,40a829720d86019ff33f3fb69bbf17fed7486eecf43cb96d0b199980e10c89db,6021
public/assets/status-icons/Icon-Freeze.png,f5d0ace90bf961e229373a753bd6310b9e0b4bc9b541caca2ab52a33dba725f6,7995
public/assets/status-icons/Icon-Poison.png,6f4c37f9ed50dbc978dc82e2490278c4529b7df735c3a2a55cec0df9d2306aec,9216
public/assets/status-icons/Icon-Stun.png,5555889f55f6eb455c9d6ba2997b1aeae6895629618a0152ae07224aa362fa07,8695
public/assets/ui/back-legacy.webp,9c7d91fb5789493a951878aa26f45681d769f787c269a860f701a37ece018d28,25956
public/assets/ui/back-main.webp,9add0915f7ca981dbf6b52aeaddeed43d9db9e2070c791507459d8e9b6995c8f,20678
public/assets/ui/back-shard.webp,d67530e1ec04053c53062741756f070e99a607af8a007b131d70083c9850faa6,31752
public/assets/ui/Racial-Token-Head.webp,57036f1998bda6b4de001e91ef6879036987ff901653209a92e653f511325112,27298
public/assets/ui/Racial-Token-Tail.webp,2c4947aa137ee15967c3f4342fe00179ff90dee5fe87d9162ca5d766896426c2,13620
public/config.js,57278c1ab21fc718153e0d54d923dc60c0542ca2f9a78cea054d92477dc0c939,1147
public/css/app.css,9a18121ba0cf3644207a7f8bc8e2073413ae6f08aa987effb077ea110ba739a8,348422
public/css/battlefield-authority.css,fd4dd1a46e6e33a136269fc444f85cba5c3694d587db39d148391aeeaab9ad7f,57017
public/css/gameplay-presentation.css,ae740df8a7e304befe97a6b978a6685476b63f0c753e544f0ce518af5fe285ec,88616
public/css/gameplay-shell.css,34018714abcc448c8d9f05b974aa55304804247a5c4d0a756b3c007610568a3b,25303
public/index.html,ecdea7b44cd63e9076132e9f108bc0e06748a9e8f804072acfb46d97da75b053,12121
public/js/app.bundle.js,f203ab41b2e2ab460893eaeb6feabc563ebd7c1622dfcc15a4b94eb5830f5a2c,1439868
public/js/mobile-app-nav.js,91f1d8cd4d860bf76587f3da03481c3e8016be282265a1d4c966904b36bf3d20,1862
public/js/pvp-gameplay-presentation.js,53c35f6faa628a4c390507847771eb69ff31084d7f5974150b00037710165212,170070
public/js/pvp-network.js,98cb967adb389cd4dfab512f0c6a5970a6c93033811c0b708e24fc626b603e89,138891
public/js/pvp-presentation-adapter.js,016ed7c1c9eb2f408b0251511987eade263b77b5c13153d3248e13f7a359a246,2655
public/js/runtime-authority.js,bacafbe720fa83ddb68267114ba7a718f16c44a4b20453decc86ed63b190c8f4,16400
public/js/static-data.js,ce80a5cf5e8fd78a3b2d5b9b02a1076ce2bbb584a7cd93522b29f49da2010fc6,8949723
public/PVP_FRONTEND_BUILD.json,e3fa8e8865a45bc5c6c9d2bcf55c36ed19ec051e655c529f1888fb98b9d91337,2170
public/PVP_FRONTEND_SHA256.csv,0131dab10cd84eca05f72e6d8dfdb12cbe1ac6490247f957b5e6826ba09d8de3,7907
public/shared-ui/battlefield-ui.css,2b70d63c74081a8809b2a2d456ec1b620a9a078ab84f597c0607a928503a9378,2424
public/shared-ui/battlefield-ui.js,110394df12e3052bbcc961de24dad29b5734af65d0a7c0afdd2c8ffdaf8a81cb,4019
public/starter_deck_examples/Grandis_Legacy_Starter_Deck_Presets_v1.6.1_PvP.json,13e51f25b90e39264997ef1379611c1053e9990a6cf34dcb4750be80c80ad97e,105893
public/starter_deck_examples/starter_01_elemental_lord_conqueror_renegade_GL_DECK_1_0.json,7dd79899df1e392f6e20dcea9c37ec5cc0fd4bc4f1518e24189dc47834900906,12042
public/starter_deck_examples/starter_02_saint_crusader_grand_ranger_GL_DECK_1_0.json,6a8cf81226a2c6eceedb0e787d997500785516c2e39dfadce1c4aa7e5f2a7016,11797
public/starter_deck_examples/starter_03_arcane_duelist_elemental_lord_saint_GL_DECK_1_0.json,654235085752ca52cf42dc5df94bfa5551c2edb068e6b54c0b61c1d99bea3481,12056
public/starter_deck_examples/starter_04_grand_ranger_grand_arbalest_renegade_GL_DECK_1_0.json,a92148153a57ef1fdc96f6582424c47251fb8b39fa235c5660323a6bde0fbdda,11708
public/starter_deck_examples/starter_05_renegade_arcane_duelist_elemental_lord_GL_DECK_1_0.json,2367b595bd74c546ee83ecdfe39b16d594deaada89afa08d0232ad19b9640324,12347
README.md,046a03488e024d012e41b01a4a64ce2539c47d97741f6e0877bcdf60ceca3765,453
release/history/CANDIDATE_1_FOUNDATION_REPORT.md,b669b8a29212ce7764be68121bba9d53ae60ad94d3ef19fb4695847bc33c71f0,8124
release/history/CANDIDATE_2_GEOMETRY_PARITY.md,3f6dbeea61a396f1adc237aa14a47e2b2ead8f8a3acaa84f6caa32af2910c0cb,1512
release/history/CANDIDATE_2_RESPONSIVE_REPORT.md,52509be32f6dafe3bd97ff231682e37aa86c775a470d7991288140ca04083ae5,867
release/history/CANDIDATE_2_UI_PARITY_REPORT.md,e4f365b0ac946d872dad6df0b42d7eeba601f812044c4699d6677965e301ac3a,4018
release/history/CANDIDATE_2R_C2_REAL_WEBSOCKET_ACCEPTANCE.md,4655082cbba4f15b03a71d3326fdb05deaf9aef8cc17bab1b311591292b41730,7030
release/history/CANDIDATE_2R_GEOMETRY_PARITY.md,12ec5799cb52ddbb201fac47db0108d8e83211a91ac3026e2836056d5f98394b,3948
release/history/CANDIDATE_2R_PART_A_SOURCE_AUDIT.md,250237de2e5b88108b52b7ec54514ec794c4e9155e90a9f6ae844180742b70f1,22675
release/history/CANDIDATE_2R_PART_B_BROWSER_PARITY.md,ff1054fd3e261313ab8de53c90c4de438b6ab7e0388dcd3d6bbee459d0051548,8758
release/history/CANDIDATE_2R_PART_C_WEBSOCKET_GATE.md,30ae889fcab27d851ec67232fb39276f650b8dbfca38f525c4c1739d1c21c1b4,11061
release/history/CANDIDATE_2R_RESPONSIVE_PARITY.md,c8635d78856ca122f347fed903cb68f19907a3e7a4a43ff4d5b14e1bb24f2c8b,1522
release/history/CANDIDATE_2R_SHARD_PREVIEW_STRESS.md,581d2aeb2072abd8bf29888684e58113207c26748cb0451770456f83120f70db,883
release/history/CANDIDATE_3A_GAMEPLAY_BACKBONE.md,389811665512b712b881549a07519003bbcb338aad4d9dbbc7f1841f9db9ccf2,13708
release/history/CANDIDATE_3B_ADVANCED_GAMEPLAY_PARITY.md,bf48ccb7ca2bd859a01391bbe944b011543af7f6c584a9f6e37d15614a2e60de,8651
release/history/CANDIDATE_3B_CARD_RUNTIME_COVERAGE.md,f800d586c8c93efd5b1605d77ba69d2b928fa28b8cdb853684a21141da30ac95,21595
release/history/CANDIDATE_3B_HERO_COMPONENT_PARITY.md,93f50be25b7b493104f5216840680074733fd610e9aa4da11f9398ea155b7bc2,19412
release/history/CANDIDATE_3B_MINOR_UI_CORRECTIONS.md,e39c00df6154ce8905eaa5b5cc950d21c9c19c60c25862c2df7e71943790a4cb,2684
release/history/CANDIDATE_3C_DEFEAT_LEGACY_AUDIT.md,b65a359385a942fcb209bc235e0ef842df582f7558607802a7f3c59b0a0ced72,3206
release/history/CANDIDATE_3C_FULL_MATCH_LIFECYCLE.md,547e163dcfa0b508655eaf71759fc0fa4c2431f5a47fd0968f905a1a018d8ed4,8642
release/history/CANDIDATE_3C_FULL_MATCH_REGRESSION.md,c7f6aee5ff896484679391c35c19fb76e7e56ccf8e850109495ed05ad5c8579c,2996
release/history/CARD_PLAYED_RESPONSIVE_HF1_v3.22.md,3d51f9232e704daab8a09a5797bd2239b01cf3b6f389e4150a0352e8f60ba483,759
release/history/CLEANUP_REPORT_v3.33.md,2b9d9a61c9705c654635eebbbcf3a5e69680e04a7a545b5391e57a204a392d77,3147
release/history/DECK_RULE_LOCK_v3.21.json,d3f5919e86a3e726438825e59e1b4362b88b8f44953fcb4131b99bde11d0bc97,320
release/history/DECK_RULE_LOCK_v3.22.json,f9f2c5c509ec3e29d9f17681b0a3fe5aa3711402b53d7ae33f8f2915cea5f57d,315
release/history/DECK_RULE_LOCK_v3.23.json,c1a9aaa1aab8d06cc2ca9c100483460c756e429df073699a1b5eab817a60beba,228
release/history/DECK_RULE_LOCK_v3.24.json,da2d1dd5579920cc97a0927e1db0744e7905c1d75d507fa39ea912117cc18d35,273
release/history/DECK_RULE_LOCK_v3.25.json,f9eeebb6694f4de7785a086b0bc28299abc7fbfd081876c989ad538655b5f684,268
release/history/DECK_RULE_LOCK_v3.26.json,e427bd3a4db2e723bbf222c30eec06650727e4d72a0e9dd8b2f79bef1be8a498,226
release/history/DECK_RULE_LOCK_v3.27.json,e0e75531aefe227222890cc255a8fb67712ba424da090efdc4487bf8dfbf37f6,282
release/history/DECK_RULE_LOCK_v3.28.json,cd83cf827706f9b47005e9a481987f8cbf0d1a6ea9adf32a12924ff5a5ecdc2c,282
release/history/DECK_RULE_LOCK_v3.29.json,df11f4ebe60a827473b0f66194f23996bc54d72bf82a5d684796d77a8690d865,282
release/history/DECK_RULE_LOCK_v3.30.json,5cf480c9d3c6b0c51912e15792da318b9a43707b168ffa913e19c4991ac6e24d,282
release/history/DECK_RULE_LOCK_v3.31.json,85278ce2b67588ed3f9cec035874499959cb387970c9cfccbe2ec6bc8ebee49b,313
release/history/DECK_RULE_LOCK_v3.32.json,fccf67cb90f7f6bcc5baf4070ac113cacaf5593071caddd743c36673c7f6c054,313
release/history/DECK_RULE_LOCK_v3.33.json,213c08dce00cdb9e77d814eea3551cd9bb7d702d1f859625bd5f57c654092e4c,313
release/history/DECK_RULE_LOCK_v3.34.json,42f3a3be20e4b28b5dcb77181676fbc8cefba173791563bad79af0cbca9d409d,313
release/history/DECK_RULE_LOCK_v3.36.json,6270669776dbc67d486b57ee72d1277584f12d3e08905d6c6ef7976313d84b96,136
release/history/DECK_RULE_LOCK_v3.37.json,ae3832d72ada7522b58220482b551ce2b63949c0a7ad96b7aa00d7f758ff2273,136
release/history/DECK_RULE_LOCK_v3.38.json,928be0a5f058a88bef5dda953eeaf720d33c569a8143f5d3419134b2323f06e3,182
release/history/DECK_RULE_LOCK_v3.40.json,54f02a002b8bf5f9891770df39cdd7fac3dcfec853266bfc84a47c5650cd0400,368
release/history/PERFORMANCE_BUDGET_v3.33.md,c4fb66ef1b74e1c0d3b416732bc11794e533861225f0c0bb9aa56f9987e60bc4,2499
release/history/PERFORMANCE_BUDGET_v3.34.md,caaa177b1cc50163cb522446b4d45c69e21ae4bc9684879629f8df209eea0fc8,615
release/history/PERFORMANCE_BUDGET_v3.35.md,b0088cb48aeaa0df6529e2482928384b62024b0f6490cccab779c2874558e6e2,911
release/history/PERFORMANCE_BUDGET_v3.36.md,883d121c0d68b19dc57a9240291822172392c0a3a3fff543f4509b0cbc0fa273,845
release/history/PERFORMANCE_BUDGET_v3.37.md,bea18c2f8a658aefb3ed511b9ab244c8d8629af26207cab78162279ed48d1ded,845
release/history/PVP_v3.43_EXTERNAL_NETWORK_VERIFICATION_PENDING.md,4d7a104722afc3b66bf9ee9659549b02cab5e06d60ae5ff863de8eab62d00490,3591
release/history/PVP_v3.43_FINAL_RELEASE_AUDIT.md,a2d762c87f7279c0fc83bd537a5aa11dd5888277cd492218f118de94a62253e7,9662
release/history/PVP_v3.43_RELEASE_NOTES.md,cab59041e480b93a3784c440a35deef6e2af1d67082e388f33d6b5d012d220b1,645
release/history/PVP_v3.43_SOURCE_RELEASE_AUDIT.md,0ea093071aebac7ef14d6276f3e4aa8cb1f1523eb1bc87a418e1e8342000dd5f,2442
release/history/PVP_v3.44_LOBBY_NETWORK_REPAIR.md,2f0fa41173406ee56de64ebf0d28101a2918083c94309a32fdadf43732204d43,3254
release/history/PVP_v3.44_RELEASE_NOTES.md,d2c9502b7c737331713e4f185dabd22206153aac2cd542fcefc9b600f008a8b4,1537
release/history/PVP_v3.45_RELEASE_NOTES.md,de6b5c527737e83313e7ea41440ab0f797468e2d46479733eda428cbb4486904,1123
release/history/PVP_v3.45_SERVER_LOBBY_FIX.md,c04bd0c8da41aad8f75e66ba60b1f8bd44adf5476dd59a6ff0e0c2680afd4099,1665
release/history/PVP_v3.46_FAILED_RUNTIME_SYNC_EVIDENCE.md,6b5a2f9f92c38db4c4f9dda1448ead09a84cb7b96805bcdcfdd72e6d87daa56f,611
release/history/PVP_v3.46_RANK_SELECTOR_UI.md,73e89eb79216b73187debc72895f5413cdcb223ee29a6877d3433eae3ff220c9,1487
release/history/PVP_v3.46_RELEASE_NOTES.md,4d47b6bd1dd52fa276f19bdbf1b980a69deab41c515ff8dab593f65e512b25a9,652
release/history/PVP_v3.47_RELEASE_NOTES.md,45567672ba3c99b58699e2569934d286462d8be7134656e7e940ebffb82c2034,890
release/history/PVP_v3.47_RUNTIME_SYNC_RANK_FIX.md,ee515b85c75593061e813b0c0921cab240bd73a6d95eeecf5d613df4a4c5d445,2175
release/history/PVP_v3.48_RELEASE_NOTES.md,82250dd015fdb9e5ffc1e747b2f503518e24eb08b0ec81870cc6d303c922d859,939
release/history/PVP_v3.49_RELEASE_NOTES.md,828d9d68a17526d841e243e1e8898a3093db06a8c062d434ab5a32fdb7432ac3,1700
release/history/PVP_v3.49_SHARD_PARITY_PART1.md,01eb996ffebb999d44da43a34f583297be3ef88d28ade56c37010d9fa26862b9,11408
release/history/PVP_v3.50_FINAL_STABILITY_CORRECTION_AUDIT_2026-09-28.md,f5e333b8cad1354f69b7aff8567cc83234bec6c1480c590e04a7d22424113b61,2666
release/history/PVP_v3.50_MAINTENANCE_CORRECTION_2026-09-27.md,a10c36471e5878dfd02235c29b8fb9808839b5286e0da1ca099c887c029a8132,1362
release/history/PVP_v3.50_RELEASE_NOTES.md,3b2d5b80660f928415c55647859d71f86b1edcc9bf6230664c6b5fe619fb37ac,1911
release/history/PVP_v3.50_SAME_VERSION_MAINTENANCE_2026-09-27.md,982176f1843969979ba2e0a19f55365379219bff15b9b06a63447ffcd99142e2,3946
release/history/README.md,95f8247b1af88491ecdc73197162d7b22b74bcdae51e91bff92ec60b128d7399,161
release/history/RELEASE_NOTE_v2.6.15.md,6734affef477210f50e67ea20c080886c480b69b5616f657371fd4e455e19aa4,291
release/history/RELEASE_NOTE_v2.6.16.md,2e1cd07a468c505b1afa8a1dc4eb952860148ff4c8782944081b372285938794,711
release/history/RELEASE_NOTE_v2.6.17.md,ff5fff0eca5787cbe56dcfdc3efb8609a0c24c786bfb47969c0f214ade2e4533,941
release/history/RELEASE_NOTE_v2.6.18.md,0ff623fd057322e56ac21f6601c77b31ea4bd0a8e3e641de54366fb1265ca612,694
release/history/RELEASE_NOTE_v2.6.19.md,e633e5e13f3eba5cbc86360be70d751661e1d37938318ee374ff4d3c23c5d176,481
release/history/RELEASE_NOTE_v3.00.md,fd07103da0148956d72faf063fb5f0a970be96c7c7a3ea2ae0373a651a5f2489,262
release/history/RELEASE_NOTE_v3.01.md,fe2b92be4f2e3c6bfbcc9cfdbd15a7ebd173ee797e1ebc39d311330c57f7cc2a,398
release/history/RELEASE_NOTE_v3.02.md,8d006a6a349ba1a690aff903a261ff860356614be556e4045105f866ea07ecfe,102
release/history/RELEASE_NOTE_v3.03.md,e8c305142ea8d8c298f4a4cc36a3d182ff2b97f2a32c1ef3e929ef3cff791d0a,431
release/history/RELEASE_NOTE_v3.04.md,8079218a745901c38821753ec23790ff28c786a49f6173da153544727db04466,425
release/history/RELEASE_NOTE_v3.05.md,bf2ade07e8bc0f04726ef27dd2b07fc8bcd9dfbeb989f1e7ae92c4e4c48c48a4,403
release/history/RELEASE_NOTE_v3.06.md,e50be6454c745c7fa746316621b990ff9b8eb8f302319e4f503cc29d688b3ff5,2141
release/history/RELEASE_NOTE_v3.07.md,7d3021652055db2dd10003922a7426fa0d33c862cfac80edeb1b1d0e541c6e97,1363
release/history/RELEASE_NOTE_v3.08.md,a6434e0c05fd2efd74b6f456d32f32d7133097e831120366e6f63bacdc8f5818,835
release/history/RELEASE_NOTE_v3.09.md,1934ef1b3ea40f0b28bfe14c9fe142f14b3ca75918c0833181e54bfc658c30fc,1614
release/history/RELEASE_NOTE_v3.10.md,9b3dbfd91373b569e9c19655a3785c905271574455cb7c7e2935f91c1049368e,434
release/history/RELEASE_NOTE_v3.11.md,66e003600eadf161404635ba9d5c8c31a38fb3cece497e1104aa71dff15c4594,406
release/history/RELEASE_NOTE_v3.12.md,70c3db4077286c6a692b062e9c5cb3dee6d03e1312cca773107b75d0d3dc2df5,597
release/history/RELEASE_NOTE_v3.14.md,17792545f7c764a860203f71b1a755526bed52d4c38d3d912af6334b43d2685b,721
release/history/RELEASE_NOTE_v3.19.md,26faf804cc1affdba58483f5f7046d81f02bb6a8a49cbc008dcca588b1d13e7b,297
release/history/RELEASE_NOTE_v3.20__migrated_1.md,8bf1eec7e8201f5bbfe138c0c39b8c432b5b6b247cc46be2684797c6fb5b5f7b,640
release/history/RELEASE_NOTE_v3.20_HF1.md,d8c9ab8608b1592ab790998a64b883b690863951423f7b7942b4980e0a11385d,312
release/history/RELEASE_NOTE_v3.20_HF2.md,7f48c42ca573b31a6dad610aadefcf3ba0df9d788975d280b372ac0db5e8e646,292
release/history/RELEASE_NOTE_v3.20.md,6705622bc6dd82f94233d7edf9e55e19ac6f0b6e9437f3b8122a652f83129fbf,745
release/history/RELEASE_NOTE_v3.21.md,a1683ec75f46a020060c3898688a4250159dd65be7f2ef3655355a0f1dc809b7,250
release/history/RELEASE_NOTE_v3.22.md,4bce01928d6f3d9a39c1b627e0564fc2be9004b4e2f31e746f83d7bf9bd133a9,864
release/history/RELEASE_NOTE_v3.23.md,a4c61b5bdb2ae05c3a990d70896347033dfd8555960017ad0eac8dc0d7f79ca6,1369
release/history/RELEASE_NOTE_v3.24.md,448fd02aa90fb0bc3f898d2d1d9f1b9aa4681a2b5663af815832d3e1cab9aa03,1910
release/history/RELEASE_NOTE_v3.25.md,f27d0dba2cc02f2ca7570ec0b02b0a85a5ad8c1ce49b59683c0aafe292cfa4a5,3981
release/history/RELEASE_NOTE_v3.26.md,727ccb79d17a50e75da6c15fac996124b20c867331dc6b0e73d5ee1f8d49553d,1413
release/history/RELEASE_NOTE_v3.27.md,744a1c5fab90016ebb73fa8de87b25f18f674c024095f60a9ba34d0e29a0d0eb,439
release/history/RELEASE_NOTE_v3.28.md,c7337f131a6d460c3bb7e6af1f7ad189d19eee5aacd86974351b2051322afe06,1362
release/history/RELEASE_NOTE_v3.29.md,8d2cc490cf046db4c267d4d8bada0cc99d645dc82e456a3ca1370d565945b7fa,2408
release/history/RELEASE_NOTE_v3.30.md,442c58c455b78bc093d3ed5113668cd02e779caeade787d62b4562bc625924f0,1433
release/history/RELEASE_NOTE_v3.31.md,9ab386db396a26b5de2f57ccbc190b516c5495ec5e4a7421ba5dd954305ca104,1169
release/history/RELEASE_NOTE_v3.32.md,9937182cc2c5062768b78431c8497564e1d1936ff7b733559c1dc6e92689ec6f,2543
release/history/RELEASE_NOTE_v3.33.md,507202baa468b18e9d8258a18227309f4c479e5fe9b370d46b93b44ca2a66cc9,3090
release/history/RELEASE_NOTE_v3.34.md,9643622066892639a71cd8710829dc4e06426c862ee7c17c8195a0bbf8c43038,1467
release/history/RELEASE_NOTE_v3.35.md,a461a95b81f7d108b98f0d30a19cfd673858990f6e12b64330ae6d51e7fa2d86,1575
release/history/RELEASE_NOTE_v3.36.md,729660d7461d4c2ba2a714f7870007b6a4800fdfb5b6b723ebdc012787f74b29,1066
release/history/RELEASE_NOTE_v3.37.md,8834e59c1d5f25ec3b2ff920fb7b1305532f1cec81c17e47b10ef4108ccfd52b,493
release/history/RELEASE_NOTE_v3.38.md,0331dcf8bd90cddacf4c43ee3de41315995dd54ff964cf367a2800f031d844b2,1189
release/history/RELEASE_NOTE_v3.39.md,707fc992ce4e78507f8588a06153815d6b1555d8ff68ec31c2497235546ee573,1228
release/history/RELEASE_NOTE_v3.40.md,b4e989d577054d063018c2ee37e3bb3f2441079a1e6fa7693fe806a0928dd06e,876
release/history/RELEASE_NOTE_v3.41.md,690c11ec350cf03492e36df4212cc0b9b2de63b3815acdc14dfebc667d9b3c54,490
release/history/RELEASE_NOTE_v3.42.md,875f70d3d2a1c454c5a9d47cd0fd0bd3c25d540433d0c103625ec66126b7eb19,419
release/history/RESPONSIVE_LAYOUT_VERIFICATION_v3.22.json,32c0e4f0fb8c2f21614cbf2821df5eeab2bdeed51f5792d84d3236074864f51f,1167
release/history/ROOT_CAUSE_AUDIT_v3.33.md,8dfc2cf6f7d77ffd8362f41a7b914aaadf8f089f75e66f85e57d629d14f3c59b,1831
release/history/ROOT_CAUSE_AUDIT_v3.34.md,bfe99912d19f664b85d85f00fa2dfd9af850f27f4609d422c4d028569304f06a,899
release/history/ROOT_CAUSE_AUDIT_v3.36.md,37fa352bad7f9eedd503f660c3847c6dddeb1f788012ba205dd3b1f346d959ec,1995
release/history/ROOT_CAUSE_AUDIT_v3.37.md,e2047880a6b9b5a452633adadacf2cd82ae4a20761d3f0b8c63b59ae7e98ae07,1008
release/history/ROOT_CAUSE_AUDIT_v3.38.md,31b3279411a4903b08bbf80520b142048bb0c51e769823f928bf8f5449fcf4b0,764
release/history/SHA256SUMS_v3.33.txt,641a1a8d1b02865a0ce6853500c11e2711ea2a00aa5209dd298329d6049fc150,772
release/history/SHA256SUMS_v3.34.txt,94d4194e53b360297861f29d9ffa72610f9678c527f3a190fd0b7fa09e0f4bd2,703
release/history/UPDATE_SUMMARY_v3.21.md,495f2bf8591ea773bbabed9ea1312e1904189af5d8ec3a829a54d8a868c755f1,452
release/history/VERIFICATION_v3.21.md,24b34f5d25c161944c855e3d3d50e52f44822d380ea6f7a3fd8d3b65aa397b0d,1429
release/history/VERIFICATION_v3.22.md,4b208774d9f3ec3df5de4f0f475819248b0bac845c159bbca3fe741a0dcd1648,1688
release/history/VERIFICATION_v3.23.md,8eb139d7f9a95b61574fda84e4b2744f7e99918a49b35c0f5e6091687938a0dc,1922
release/history/VERIFICATION_v3.24.md,d7209ab83c252640ab5a9cef152a2406e2a3ddcf56438b385c0907e5efa46404,2123
release/history/VERIFICATION_v3.25.md,9206958ba2d4a53997803492469350f83480c4502eba9a43b39b4b67980c772c,3616
release/history/VERIFICATION_v3.26.md,a7a26a0b8aee0909aa9a74a5c5fef69bbbe55bf517cec38f918db7fb3162db96,1264
release/history/VERIFICATION_v3.27.md,2ce35d02eb504bef737e806c12ca89a651ddde4bd45df5e610bee62fc9723b19,1228
release/history/VERIFICATION_v3.28.md,6af0a69e8eea432cc4796ec91d09d1598579bbf4d2064a6fa3007efa9fb64447,643
release/history/VERIFICATION_v3.29.md,ef67cb556598ffec84fc97bd39ed0d089b9e98e385f245d5957e2ae78c7d7fac,1055
release/history/VERIFICATION_v3.30.md,df8d02fd3b37681db82cee20defb3254512e4e8a23badc9dd8032eb9ed9c8637,796
release/history/VERIFICATION_v3.31.md,9b2ae8791df04f02dd537deb3b34b03bb60ffa87a695a7cee586e1311971f8b9,799
release/history/VERIFICATION_v3.32.md,5ec78ddef723d41c46e1cf1f035f251343f27abf7f417a5220b1ca8925a491f7,2265
release/history/VERIFICATION_v3.33.md,fd6619625eeb407467e9c649703fbd53498f3d5cfce566060065c17979bc2900,3364
release/history/VERIFICATION_v3.34.md,1521d230f1a022562076454581acb8d718ead1a4f0ef7aeccedfd112b23c8e96,992
release/history/VERIFICATION_v3.35.md,21b0de993c5b744a918001e14e4d0540ab801b288cf97b3da34ebcf736b1cc83,864
release/history/VERIFICATION_v3.36.md,781d0305e1681f88a415233751949d028720a7f5105f66121f4d186854cdac57,1276
release/history/VERIFICATION_v3.37.md,1fa5e8abb1a35ea8e910ebb1cb42b6de69251b4b9de42bcd3030e7969a265971,704
release/history/VERIFICATION_v3.38.md,53ada66b9fa659d9a4f6c28155dbb1aaaf5096fdbe1d2e0b9b2a5b84c23a5617,641
release/history/VERIFICATION_v3.39.md,447577dce3905a0e326c1d6d5e4fa0498f4d4e5168a228a3d316f449a8c178a6,923
release/history/VERIFICATION_v3.40.md,b0647d2b28077c0d7a4acb7cb49d3ec9a093cb5d37de753881d15e9953ab87b1,791
release/history/VERIFICATION_v3.41.md,3e45107cb5013eeaf6f8d53cd9fcd48573c85e3b106444a30ca87040c7be0088,233
release/PVP_v3.51_EXP_IMPORT_MINOR_CORRECTION_AUDIT_2026-09-28.md,3bd92d7d42eb10a3f549b3e44250d0fb15ed8f656f6530f3d174ada53b4b4dd2,6200
release/PVP_v3.51_RELEASE_NOTES.md,31b80ba050167353bdd629529b058d9ca271cf64bdb7b1e34ad7d181b4036a58,1181
release/PVP_v3.51_VERSION_PROMOTION_AUDIT_2026-09-28.md,1ce182134d7159357191860e48b6296a5373dd95b5da043dd442d99d9eae0915,1437
release/PVP_v3.76.2_CHANGED_FILES.txt,ffe06000888195a457a70c45639ad004dc3e2489f53713832b313558f425b798,9576
release/PVP_v3.76.2_RELEASE_NOTES.md,cf68b31eedef2dd24f1e997072609954fdc94f003f6a6109330cb27648689b0a,4514
release/PVP_v3.76.3_CHANGED_FILES.txt,bdf2aa31452f232b1c9f0cdd8613ecd6ae52a243f9ea849794d944766d4367f5,1547
release/PVP_v3.76.3_RELEASE_NOTES.md,73fbf13c3bdde1a912e7597cccf304d8d52ed3b20bdaa8cc77a8ed156bd5bef5,9079
release/PVP_v3.76.3_SIZE_AND_DUPLICATE_AUDIT.json,6d2fbae84bd2faa2671d930fca4ad584593f869df8b2e3d8461be8c1f1d7025a,17557
release/PVP_v3.76.4_CHANGED_FILES.txt,1ad3cc1bcb51ca9dad3e492caba876418d613ae60394a482ea5618272403b400,653
release/PVP_v3.76.4_RELEASE_NOTES.md,8a7ebeb233f0200f42b88279eb62c86770bd0a37760d0813bce2e00ef32a5f61,8485
runtime/adapters/local-ai-adapter.js,d0b5b4f9d39eb96dbe371d8bd87bd8e3c05d73d9ef4fa98cdb921fe2ec74c50d,440
runtime/adapters/pvp-adapter.js,f5775dbbd2c4cc53b8bfab954bcaa1c15f0c6963880bb79f0e959dd3b0384fed,4761
runtime/browser/runtime-authority.browser.js,bacafbe720fa83ddb68267114ba7a718f16c44a4b20453decc86ed63b190c8f4,16400
runtime/contracts/intent-contract.js,50b812c2f53408ab1a059976b357e5ea3ff89903bba86e7464823d2f7d4411a9,1312
runtime/contracts/pending-contract.js,c5a02252bc41bfad20bb4f959bfb932447c84605e174ce2109eae93597f39895,884
runtime/contracts/runtime-api-contract.js,1279db4f19afa85fa62154a66b94a66c0c2e9313544af3f748606703e21b6055,1372
runtime/core/attachment-lifecycle-policy.js,76d00ac5b5051e626c9921a79d612a2df31e075adc4bbb7e4b28833accbfa1d7,3201
runtime/core/attack-damage-classification-policy.js,0454ee0d6c772f9b58843330b1a43ac1bfb686ba8746c1cd37aa5fa1e6bc444e,1904
runtime/core/card-instance-finalization-policy.js,d476411b02078658bfc2cd3029f983826aa87072a6c1f58d09f1b75314887d3e,992
runtime/core/constants.js,25ffbddf9d6dbc6c9215c11c268244f43cb78941e982888695ccf478d3fc5669,1323
runtime/core/deckout-policy.js,e4232f6a00decb0af264a61325f850a6a46130cd433c95941b6cfbf3f3d1d71d,869
runtime/core/draw-policy.js,0334cf7f5eb02e3a9fea504e91e8e75823d283e53887b3eaf9dd67c81990af8e,2267
runtime/core/event-log.js,b7ebef7477017b9b62277998922a78aa37e29ad83bafbb6ce9b73c2877079d95,2148
runtime/core/exhaust-policy.js,9f7cf64d96e25143099d3e33b9d0d16d9b1dec3479b9595905a2d82cbca30877,1418
runtime/core/heal-policy.js,d545e16d05941e15bbcc8bcd0dff3d4fdf8ce9617a2d5419eff0d7df8f1a32dd,1804
runtime/core/hero-defeat-lifecycle.js,763bad45e1e4e9854857087e0158fdc7505dad115bd10ef3e22c82c85ae9b246,3615
runtime/core/index.js,deebef6b1365fdfc0543a0d17588e23b71e85e73f20d13d7f1398e60acc14a21,1250
runtime/core/legacy-defeat-policy.js,c2ed3920e750c487dfeee44a82358a3a40ccab1d7db62cd98ad493c94f9e9334,1518
runtime/core/legacy-racial-taunt-policy.js,f3a0bc635701a4aa191a5a9364041c825483cfda61c8ccf68b9ca333240a2303,3732
runtime/core/local-ai-integration-policy.js,8b563730a129a59e4d7fa5ca126bd215661f5c40a52943d4e615276e3e2bc958,2256
runtime/core/mana-deck-policy.js,b7049c3e6a5e096e8ead8f3e7637a77b17a324f4c30941b72e9a50a0f788bab6,7248
runtime/core/pending-close-policy.js,0ba0185d4f6badf319e699b08d6db24b87905f5f6a3504e990232b80d383b095,3104
runtime/core/positioning-policy.js,172775cd0ad640c2719989929ed085c16f4a2c9f8562f12fe551590c841df7d0,2019
runtime/core/reducer.js,68732c3ef75c13f32c3c89feab4d735ec0afddbf75b18662712a8641cdc93875,434561
runtime/core/response-availability-policy.js,9da5d3bdfe4c6b16f53e1751b61e6430f2327c58a158fdd867bc6375e6cd8542,3238
runtime/core/rules.js,8ef3110d2b256909e4e0436b3f4fbc4d9aaa98fa0f585c63432ec5ec6ec80f59,4273
runtime/core/source-sync-rules.js,61e424da79508e28a094b317166206eb80c932a1319519f7245d0c9033428e4f,29442
runtime/core/swap-reposition-policy.js,0596b9bcde3899f74d82080cfc8e2df47cdd56db07e9f86e4b98630912411f0a,6887
runtime/core/tribute-policy.js,bae32ff5cb0a05fb28b9010031ec6a473efef1c1cc7504063fcb831eeedb66aa,1884
runtime/core/triple-shot-policy.js,fdbd30a3c01b01e92fd9510014c6aaaac1ea4df33dac512fe199793e4636e981,1711
runtime/data/hero-component-resolver.js,491682a354b5118a1ebb46ab607fa452b8a3f38226a874cf00a434725085ddff,1615
runtime/data/one-source-loader.js,2836c8026e3a4887b55511775bb99a07109a498a0dc2c34f8637d3bc52046947,2871
runtime/effects/conditional-follow-up.js,ae8d38442a3d11f2791e63bd318285011a995043b499f04715f53f79ed90f0a9,8782
runtime/effects/effect-registry.js,d18de865b0af7b388ef664bcc9d0213e27db3d4c093c10e70cad5ff03b4ff0c5,2905
runtime/effects/recipe-bucket-engine.js,20c40b5ee41cab55ae73ae201fbdcde51a7c87fb6570f3eaff556bd76567fe72,12421
runtime/effects/recipe-dispatcher.js,b375ef4db791eb6a4f2dfac0f3adba3803bcdc66e40a19df425a2d5b1e9db105,3291
runtime/engines/attachment-engine.js,115a32c957fdba85360c7b0b1f486e2a9b376e3710e7491f68699b2e2169976e,6045
runtime/engines/attack-engine.js,b23a6404fad3f8187e1e89e2235f2b5c0c843c11f17c4f54465adc2a9557d3f1,1388
runtime/engines/casting-engine.js,1274e4a4343c3252f6ec253cc074576dc6d4604fbd1b06bce84d1f744c0560ba,6319
runtime/engines/damage-engine.js,208678ea4f006bdf5e3517735e35ec4015287f705f8afcc870d1c3eb296a0f17,990
runtime/engines/def-engine.js,d2595c4d71ae5b67f965e0f2d2b591d49e1ce453597c423203fc918780fdfd66,1673
runtime/engines/fixture-rules-engine.js,7984ee1c14453b0dd8c07bd23665093eb2807d266d1482d76609a55eef5cf540,4327
runtime/engines/legacy-engine.js,7fffc69d78c20c0bf63b7dd6498a6df512318a7b8df3ce57b40c1c70495fee05,496
runtime/engines/response-engine.js,62e3ac8569218332a423c5cb13a4a299c2901b978b56504ec8d17c0538f9b369,3153
runtime/engines/status-engine.js,ab76ec163fcc42f32ec5f4836d65b046cae0a5f1eb67b9252529417ebd428f2d,2619
runtime/index.js,0586219765fb2084ac6848b322266dea93e6882af3db2a4f6988476f11847e83,1386
runtime/package.json,11b53c7eff3c5fbc3db4fd1282271b78deef2fee114324c7da0ab471668ac89d,239
runtime/rankup/rankup-policy.js,1a5b36523ade616e09015f5409003130db52335b93b249d195444e2e0296c923,884
runtime/schemas/card.schema.json,daeba71e0dbeb48217162038ab944a562bc8205d15000049a245e67f7791e88e,1372
runtime/schemas/conditional-follow-up.schema.json,6ceb37d6af6f427ac7603cb0aa3faedb8456528d652b33930485d4b6f76ae88b,2454
runtime/schemas/deck.schema.json,6040465ea9b5ad36e371b66e2513c20de7d46360efcb8e5cb0088e49879d9576,655
runtime/schemas/effect-recipe.schema.json,bea57a0988f8afe40b9b87ba850f97f3ef0a25bb529c92998ecff5a39950bca1,684
runtime/templates/card-database.example.json,4e2aefb95152155fc6f9722431c29be025e79efa0a3f9b5d5313740f22f69ad6,1574
runtime/templates/card.schema.template.json,b407f3c13129a5a374e3369eb91c277175de55f894c4543a0d1fc5b7130b6192,1396
runtime/templates/deck.schema.template.json,f11869a81058c1cce55eeae73d5a18fa3d182361ef567e1b22bac56a4891c46e,488
runtime/templates/effect-recipe.template.json,1a7bed70d6d312eac39ba665fd26904823cf1cfe510bb3c19ef9497f225ed7a0,323
runtime/tools/audit-assets.js,0998eeed4ef70b58ebfc0171a08b8e251c470fc621020092a1200f682443957e,1731
runtime/tools/basic-schema-check.js,5c320dddb5557fb2b57f989ebc8102d6dd1a554936972577b9a770edc76abb2b,1328
runtime/tools/convert-starter60-decks.js,d5fe45218aa792e779c326a0d31afb582f64325e2b8dfdc3d3270456cb5205de,1148
runtime/tools/generate-season1-coverage-matrix.js,f290a6fd2fff0e10d12bf4144164cceba22f8c5073a377ed362bdcc4c51233ec,3464
runtime/tools/import-card-database.js,d997827127fb2d3caf86f3a71916b27fb492fab83f0b1a9ffef0208421b45604,2014
runtime/tools/validate-card-database.js,8da0984bce3259401f26dd8931c0ec1bdb7304d236a642123447791baa97e9d8,10367
runtime/tools/validate-effect-recipes.js,d44a6624d86752aaebbdadd3538ba5ec702d6df2b06bab2967aecf030f060371,3525
runtime/validators/cost-validator.js,7f0a9ead3f175c33839796910da2b8ad14b5063bfefc429296402549b3caac5f,583
runtime/validators/source-validator.js,44e3da80d664173b8ec86dc3ce333a21ec522bbd0549db57d80097c225b7fc8c,1242
runtime/validators/target-validator.js,cab2bcad1d66931cb862a7de050cd971118a03fe970a83ae00d1d00c5de3d94b,2017
runtime/validators/timing-validator.js,4318e180e87489f52c5327fe14a115e298e40ea162b0eabc800b31b34f1e54ed,416
server/gameplay-intent-router.mjs,7ac076d8909ae909d80398728bad09dfbe57a8b21524b694705412386503c55a,11261
server/headless-runtime-compat.mjs,8fdf32801f2ea1646ec3231cea60dbdf81da46c7eba8dcdffc529cf20bf6f13d,1822
server.js,fcaaafd0417e6f48fadb23f455b045f5f0ffc70cd3651c80e3a1340b092c3ce2,118149
sync/runtime-sync-lock.v2.63.json,992c1eed6b37c35b5ba8daddb0fe7c31e8a1c8463412923ae8e207b00667ed5e,16213
sync/runtime-sync-verifier.mjs,d88e3eb49f5bc578c6b55cf10ee0b93adf5b8529cd22c74be59e63f6051073a4,4313
tests/artifacts/candidate2r-c2/dependency-install-evidence.txt,5722d96c7a7e71068cb06e371ec207bac644f7a9fca1b86ecbd245f67c062c63,694
tests/artifacts/candidate2r-partb/geometry-all-viewports.json,c6c30b52583140f0b6af87ef2cb57c0e8ace7a86817a325d7b60c2efe7208f52,111718
tests/artifacts/candidate2r-partb/interaction-desktop.json,38e222ecd606cc89587e151278063e52e80f491ffa01c53db0f87fabf4dc9635,9451
tests/artifacts/candidate2r-partb/interaction-phone.json,77af327d192473a30b8e47d875c45a036395a3b5ccccdc2f75903b1922f3b2b0,8447
tests/artifacts/candidate2r-partb/interaction-tablet-landscape-native-touch.json,d7e5e0754556403594bcfe09bda297789ad783c848d1d3b51f59fada88b7ac75,10096
tests/artifacts/candidate2r-partb/interaction-tablet-portrait-native-touch.json,075119bdf337505a7bda678c76a2bbcd03ce4074196ded8bedc765b12201ef17,8616
tests/artifacts/candidate2r-partb/screenshots/pvp2rb-1440x900.png,5316cc114558277d29fe29079bcb8001c8bf52d56c60cec339b4ae8aa340e238,408776
tests/artifacts/candidate2r-partb/screenshots/pvp2rb-390x844.png,5c515c2d6d8caddbf1d26318ca289ba6a7395583eb6478c7670e75d94f0ec146,45381
tests/artifacts/candidate2r-partb/screenshots/vsai15-1440x900.png,0a4dff9b269b49de5d7a42c77b21dfd1f7138577790b5e08332fc9d0af53a7bc,408892
tests/artifacts/candidate2r-partb/screenshots/vsai15-390x844.png,8111e22a0be35cfdff880ec7aea374bae688fe37e3cc0f36d9993cb7e60a0cc6,45131
tests/artifacts/candidate2r-partc/candidate15-locked-file-hashes.csv,93c409e519923deda0ece2b1d22651cafc74f48dbf3a2853a24306fbab80bc3a,838
tests/artifacts/candidate2r-partc/dependency-install.log,34a9be37449625213e715e56f0527da186ecca35186381a38bc3c47277ce77d7,261
tests/artifacts/candidate2r-partc/dependency-offline-check.log,6425932eb6fb92d093ffc9dc8084d93066cb9004ef2876aa888f28ad0be47c43,337
tests/artifacts/candidate2r-partc/partb_locked_ui_sha256_after.txt,97f814a7d93d2b84667718a4ff10a060cdafc68b8efe7ee99db911762d274e91,473
tests/artifacts/candidate2r-partc/partb_locked_ui_sha256_before.txt,97f814a7d93d2b84667718a4ff10a060cdafc68b8efe7ee99db911762d274e91,473
tests/artifacts/candidate2r-partc/provider-portability-audit.txt,67d1608f9942b824a0df96ca1c7b282d8d86151cc9d11398f1466ca29ac70b76,4293
tests/artifacts/candidate2r-partc/real-websocket-gate.log,9ccaad8dbc56886c7dc2de9ab253a8889ec5cf59771c8f1337631c7caf2fa2ff,3016
tests/artifacts/candidate2r-partc/server-boot.log,2056f3b8bcdec5a1c803e83ef57da47387b110563027c93f6314c34cb6237c02,1090
tests/artifacts/candidate2r-partc/static-validation.log,01a69812043a3e6f25b437b2d277f9e76d4ba7f39616b938c6c6c447180374e7,3934
tests/artifacts/candidate2r-partc/ui-lock-validation.log,a08c0fc96976c5f24e7035ae7ff57632d520bbf54fd20abf592e3bc0a43c2522,1468
tests/artifacts/candidate3a/real-websocket-gate.txt,825a1fc1efd96bd850697115dd3dd33760e62689224f6f0a079414e6ad21f5e7,512
tests/artifacts/candidate3a/static-validation.log,b48248ed6a396da4f7209a307c080435cabbbd14e727e229040f65784472013a,4812
tests/artifacts/candidate3b/candidate3b-tests.log,4f66413b9b0347e27332d81ddd9bd18e094ae9b4394b13d1d20a2928f6748d28,17849
tests/artifacts/candidate3b/coverage/SEASON1_CARD_COVERAGE_MATRIX_v1.5.0.csv,369a88ccc8bd3b6cae2a03d98e9954275d0d48e7b87f9be8be92d67380df1867,34207
tests/artifacts/candidate3b/coverage/SEASON1_CARD_COVERAGE_MATRIX_v1.5.0.json,f68cfb2f3886fa72004f9a190494ff7b8cc0e1caaf5dfd58726627fea6473d0e,78676
tests/artifacts/candidate3b/coverage/SEASON1_CARD_COVERAGE_SUMMARY_v1.5.0.md,2f9e02218f7de78e36ed7a5aa986ff31e3ad7a441a11515a8cc186bd580494f0,202
tests/artifacts/candidate3b/npm-ci.exitcode,4355a46b19d348dc2f57c046f8ef63d4538ebb936000f3c9ee954a27460dd865,2
tests/artifacts/candidate3b/npm-ci.log,97b059f9f317261f6c0e62bfd9dd41f0050ec8295511c959f8c98084a497526f,317
tests/artifacts/candidate3b/ui-corrections.json,561658886cf6327fb4114946cc98adf765dacb22894d86409babeec128c4dca6,12787
tests/artifacts/candidate3c/candidate3c-tests-final.txt,a9bd77b47907e4608f5f3bc1a8dce83e2ca90f5ef765e675428977b24c60b81a,2904
tests/artifacts/candidate3c/final-regression-suite.txt,995a0365269e6478b1349a047dca8eb3a0083be09e55f716b87f3eda44566fb6,17638
tests/artifacts/candidate3c/locked-regressions.txt,75295ce96ce318f44638ef40848870158cae8ced8069ffa74d10d92f63d9bb10,15500
tests/artifacts/candidate3c/manifest-verification.txt,26fa64d06703a8cc4aed15189c9296654add11c295203441850c4319ce50443a,323
tests/artifacts/candidate3c/real-websocket-gate.txt,2433ac6f21cc772309a4d156a86121c8abb52f8d162460aa6ea4ca4d6be165b1,396
tests/artifacts/candidate3c/source-validation.txt,61419e61ca202e507360650ef9fe682d35dceddaa997a27bee6bb3cff3696432,809
tests/artifacts/candidate4/candidate4-compact.log,8254fc9c62c8c8c75f627e8b1740276f9a087161f4ccb5ab0e7c26d2cc906800,5920
tests/artifacts/candidate4/network-reference-classification.txt,31e571390195761436c3219a734ae9200d781d732a17dfdb99f41d1fe0f53bc3,1466
tests/artifacts/candidate4/npm-ci-blocker.log,aafe714524e5da267a434f1c5dc73a91c76b2e1ac612052cabbef5e62d394ebf,331
tests/artifacts/candidate4/responsive-13-viewports.json,c6c30b52583140f0b6af87ef2cb57c0e8ace7a86817a325d7b60c2efe7208f52,111718
tests/artifacts/candidate4/responsive-13-viewports.log,26d42a637e99982b14b713b0d915f54c05d8783e2236dc9c1af3269dca4fd3d1,420
tests/artifacts/candidate4/ui-corrections.json,561658886cf6327fb4114946cc98adf765dacb22894d86409babeec128c4dca6,12787
tests/artifacts/candidate4/ui-current-smoke.log,60b98b461abb4c7c4adede9e3f6ac22a739c362303c21ee240e1111a42909202,15831
tests/artifacts/v344/external-room-probe.txt,20cdaaa7405b14c792d1822eb844bc4b6c348e71cc305a902d02333faaac1383,1293
tests/artifacts/v347-runtime-sync-rank/card-coverage.log,fc9d920f4bd3422ac0867a793bb8038d54f84b9c6ad789a7958478d8a89bb830,243
tests/artifacts/v347-runtime-sync-rank/dependency-status.txt,fffd7632f145174742be0b38debdead10825ebae5e369de3dd3c14bc97aa644c,254
tests/artifacts/v347-runtime-sync-rank/import-docker-integrity.json,fb495e191205b54022539d2a28dff2afe06f398ed2679f9ae3d7d443f2990720,557
tests/artifacts/v347-runtime-sync-rank/lifecycle.json,31e636b4ddedf3ef6254c30b30843003115490dbc88fcc955c2409b054b2a5af,331
tests/artifacts/v347-runtime-sync-rank/npm-ci-attempt.log,6b4e3bce09d32d6952fa5c3796a87e13b40346fa5137fb483ff88bef7190e41e,317
tests/artifacts/v347-runtime-sync-rank/rank-selector-browser.json,54e845f1a916c46d036090ca8ea3b5a0019a271705ba779c0086c7011b9422ee,1655
tests/artifacts/v347-runtime-sync-rank/runtime-sync-verifier.json,995954871bb727c07223bd93aef1b54392ef0b4f40035a86c09b6d5b7041ed7f,227
tests/artifacts/v347-runtime-sync-rank/static-locks.json,a7691d9fab7a010944e1769afe8b6fc5e676f98822f20915484ae322aa839e2e,368
tests/artifacts/v348-card-stroke/browser-results.json,5a49efa1549560e64c5326a74472481983d48c39ef22e3dd14b6c8e4767b984b,2874
tests/artifacts/v348-card-stroke/functional-target-outline.png,6c0461967f349a29fee593813a7b705aa32b32e6a00a3032cc56d0a319b6928d,31883
tests/artifacts/v348-card-stroke/opponent-card-edge-desktop-1366x768.png,d196bf639421c436a7bfcde5f7f65c0979c1a58c06a8c63b04a51637077fe76c,5763
tests/artifacts/v348-card-stroke/opponent-card-edge-phone-390x844.png,44bfe004e07446a0430feabadd601e970b23a031da8408c1fa3e50a5c66e97e8,2601
tests/artifacts/v348-card-stroke/opponent-card-edge-tablet-landscape-1024x768.png,dcb9491d017df2244cf03e03a4463bdb1c0587c7deffee121c32acd8fb4c4255,5874
tests/artifacts/v348-card-stroke/opponent-card-edge-tablet-portrait-768x1024.png,6b7d40419d0f6b4061717e153bb6d448d1b74a4cc814e635aeb319af6665758b,5204
tests/artifacts/v348-card-stroke/opponent-hand-desktop-1366x768.png,0c1d69ddeee1b6e6285ef052dadc3d24f31f1fd75be9fe36fc65f6bb09b3af29,432473
tests/artifacts/v348-card-stroke/opponent-hand-phone-390x844.png,6501d3a5b999437d37feb7f9e6b2dc1b4e17eb7bcfa464a5bd2c0922205f5f75,104021
tests/artifacts/v348-card-stroke/opponent-hand-tablet-landscape-1024x768.png,5191d09627cc02cb40646ac4062b4cbe1154f4052c82e46fd94211c369e55c73,326001
tests/artifacts/v348-card-stroke/opponent-hand-tablet-portrait-768x1024.png,a17b7c0c086e03617cdc0d2fb62b6b79edc45870206862ebecfbde7b5214c8ec,186284
tests/artifacts/v348-card-stroke/quick-preview-event.png,3158c9ed1ff7852435c6b73e7b330b0485283d3dfbd4820ff7c597d001d01e2c,164549
tests/artifacts/v348-card-stroke/quick-preview-hero.png,040aa4db1ff87996e1373ce2adbc77d38583213701487e74ce99a5eb71ce6e34,146902
tests/artifacts/v348-card-stroke/quick-preview-item.png,e444633a3ad9b8bc159c99af42793740bb4e23ee84304537dfc9a8dd5006ae0f,133905
tests/artifacts/v348-card-stroke/quick-preview-legacy.png,0e2cf2ac86c376ed64a6dc4acf62649d160ac6803e2c0a28acfb27f3dbf51468,129836
tests/artifacts/v348-card-stroke/quick-preview-skill.png,cf1cb29092937dffe926c38e086054359b4558b4b60f5e69ebb24161907759c9,32305
tests/artifacts/v348-final-ui/lobby-desktop-1366x768.png,74793503a1a21a2079bad819bac5ceaaa4db780c004e1c37b5bf1e9ddd61d386,184424
tests/artifacts/v348-final-ui/lobby-phone-390x844.png,4f0edb4d495190536a7f3462d235716883cc29f587869199446bba33be157584,84026
tests/artifacts/v348-final-ui/lobby-tablet-landscape-1024x768.png,813ae6d87efd7a94e06eb6fa377a278b71f88e5577860b430c650e4816001510,108157
tests/artifacts/v348-final-ui/lobby-tablet-portrait-768x1024.png,74b2394748cac47a4289248c7a926f4a00d296f8b1715f33865b670c3832366e,145165
tests/artifacts/v348-final-ui/results.json,44de6688b8d25016bd9a2b58331a166985b6cc8fa0297aa04d16d05524cad6cc,1490
tests/artifacts/v348-final-ui/surrender-desktop-1366x768.png,d99c26598a344f8d13c72c0390e22de871cab03bd88952ca5281f67a52462ba2,420584
tests/artifacts/v348-final-ui/surrender-phone-390x844.png,2b3edc94b4f0ac56cf82b89853a4d290aafaecdfd8bbbee817a7a680c3fc4116,70527
tests/artifacts/v348-final-ui/surrender-tablet-landscape-1024x768.png,8ef889e8a6ad16cc712bfdbde91d5ba08aca4388079d221a5f20e36ac447d4a0,312857
tests/artifacts/v348-final-ui/surrender-tablet-portrait-768x1024.png,c477058044da6012dff9194c1ef239bb6bf543d7d6ba09d0fe3993bb04761767,177223
tests/artifacts/v349-shard-parity-final/desktop-final.png,5ff4ef0f84fb9f73e42eeecf585e71d82ab24b7fe6a446ace67a7ffd5efc8a29,384667
tests/artifacts/v349-shard-parity-final/results.json,01d51c9be35e76951243c1d1a89ae4a92ac90ea892586bf8828b7d3cc3bb25c1,3604
tests/artifacts/v349-shard-parity-final/seat2-final.png,80a5496d8af63ed0a4d3333f876a8d01307259343017cc6d49c576af3b41b107,383980
tests/artifacts/v349-shard-parity-part1/final-desktop.png,b742216f4900f7f936fb99e117c4321f64d97ef36829bc5f8d06ad9d272279b6,304914
tests/artifacts/v349-shard-parity-part1/preview-desktop.png,1cf4d27aded9e2f25de6fbdb9921f8732bdd35a2327c09a70bffb44cb637dd92,432667
tests/artifacts/v349-shard-parity-part1/preview-phone.png,94bcf64e45bb7e843263e1656e360553fa37f46ea5b5d7eba258a821b66d2cca,81345
tests/artifacts/v349-shard-parity-part1/preview-results.json,9c834190985002467413fdf0474282463880b255df80ec75e8d1bd852048f972,805
tests/artifacts/v349-shard-parity-part1/preview-tablet-landscape.png,5e6958b117ed5a96cfe513da0c185d0710bce743d01c424f4d14bf4158740617,338229
tests/artifacts/v349-shard-parity-part1/preview-tablet-portrait.png,309e3ec5f15a413812cda02b6366f3228157134432b89411bf4b433a11ad59dc,174096
tests/artifacts/v349-shard-parity-part1/results.json,f6c6867bb0ee70cd0ad8af348af841fec7b864470f82378eb5d5f8565cac60b5,1223
tests/artifacts/v349-shard-parity-part1/seat2-final.png,07c7652edef741030220b06094c697bb6a5eb7589fcc2d3cea773cd2a17c8824,305588
tests/artifacts/v350-animation-parity/final-seat1.png,9ef995bee74e2539d1ae9eb64085be83acd2cdc51750088c4d2bf27d12c12d5b,513917
tests/artifacts/v350-animation-parity/final-seat2.png,dbc2e8755080f91be626dd2e5c6dfa5ef293840dc11139195bd5e798dac482f9,538227
tests/artifacts/v350-animation-parity/results.json,4ab97c119e6a30969f5168b50e39cc309c3b3348355464c9f1e00947175fcff6,2104
tests/artifacts/v350-maintenance/kick-layout-desktop-1366x768.png,eec95a7118faeea2d7dabaf45332ff6a47f38a34860d791e1d70662f4e847181,180910
tests/artifacts/v350-maintenance/kick-layout-phone-390x844.png,6f6038177ba961951b9f5d175166c14f6e746ee95ce20f43a105ed463aa94623,79584
tests/artifacts/v350-maintenance/kick-layout-tablet-landscape-1024x768.png,366a4536834f9a7cbb73dff8bab4212852df467dc1ade641b0449a6711d152fd,99841
tests/artifacts/v350-maintenance/kick-layout-tablet-portrait-768x1024.png,39aaef33893cc76c54e99aba6b03a67dbad84867508c17da6f16067e55e6f8c1,141772
tests/artifacts/v350-maintenance/results.json,373cf592aad54ee522a52a215f364c3cd00ec489c9737145f51835a9860ec503,1471
tests/artifacts/v350-maintenance-correction/results.json,b4ef948dc061aca84264cd4059f4e68f56abedefd74344ff41655e26c69addc4,3586
tests/candidate3a-runtime-harness.cjs,2bf9b10d12a65101a52ab2e7c46ca2bbdf5fe267f49cd27545a510956102e56e,3031
tests/debug-v349-steal.py,df2460f7b82a22b2a548b71c7b368bd779ab10750ab8d0a833ee8384a616d87b,26078
tests/fixtures/v348-artwork/Back-of-Card-Main-Deck.webp,9add0915f7ca981dbf6b52aeaddeed43d9db9e2070c791507459d8e9b6995c8f,20678
tests/fixtures/v348-artwork/S1-EVT-004.webp,0e8808739aff97b8b2b06bfaecfe8181ccc988a525672c0fcec87b515c2f6d90,87038
tests/fixtures/v348-artwork/S1-ITM-006.webp,fe835c2812b5eb3357f65791ff728b08648354e6c93b4a07b44adc1ac79ca6c3,68958
tests/fixtures/v348-artwork/S1-WAR-001.webp,5341e3e1d6b03f4b56be31d54098b63621fa603d7aaf09352591d0ef3d90f925,57620
tests/fixtures/v348-artwork/S1-WAR-H001.webp,89d3c40b9f7ad7a47a638b8371d68156f51a991fd9eed9a5929e4978c55f208e,74164
tests/fixtures/v348-artwork/S1-WAR-L001.webp,92aa1d8a88f7b5acf3b8838feea2882a9f839c1fa838d7a2c0538275dc15700f,60188
tests/fixtures/v349-artwork/Back-of-Card-Legacy-Deck.webp,9c7d91fb5789493a951878aa26f45681d769f787c269a860f701a37ece018d28,25956
tests/fixtures/v349-artwork/Back-of-Card-Main-Deck.webp,9add0915f7ca981dbf6b52aeaddeed43d9db9e2070c791507459d8e9b6995c8f,20678
tests/helpers/stage6-ws-shim.mjs,de100addd35427307db081d86d64c15ca3771c48e09f620b2c20583ead0b46c8,3395
tests/run-arcane-duelist-legality.cjs,0f269e5c8a48af18649b8cbd46c27ac927572dafae8e5223da8bb57167417a1d,1990
tests/run-attachment-slot-parity.cjs,c1fb0046bbbddd9579914aacac2b4de5add648d0b776a518293374048b86bd94,1025
tests/run-card-played-audit.cjs,2eb69f06120db7b3e96d7965f1c65539d2fa81db9fdb7822a5c780f5e2387aae,586
tests/run-defeat-casting-cleanup.cjs,2ec3a23417cabc4623b50abc616ede4fb507724fc14a3a91f1671aa76c144069,1842
tests/run-package-check.cjs,25ae40c8bd9774860b495ad627a00e9c8b0373d49731490f7c7015c891482fde,3258
tests/run-pvp-room-sync-test.cjs,cd34b4931bc3c49633c6d1d8083f3556889e4eda884c985c0186cc1403143497,5877
tests/run-runtime-bridge-test.cjs,8828d571b5d0191abfd101d343b2d1fcfdf1d274eb671c914035ff8465f33886,3528
tests/run-server-health-test.cjs,966c72bb4ad3fbdfe884f1f97c6a6366a65f5bbf07e3825647ef8400cc8e1829,2249
tests/run-ui-contract-test.cjs,bbf61a954449e78a82b1a606463764c39247f56eda6b731fc2303e62cb32ec25,10106
tests/run-unbroken-stand-class-row.cjs,2f26467fc083c6a02ac5ebae5c4650d022b4a70766aa36c6ac164f8bc38604b5,2376
tests/run-v2611-source-adoption.cjs,dfea437a884478842164b58643ee9a4a9134502882f7eeea58c25d2c05e931dd,3888
tests/run-v2612-stoneblood-progression.cjs,f8ab7051e817f7577bed4e66f81948963bae65fbf3a71775b0bf321f05e50997,1068
tests/run-v2613-card-review-font.cjs,323a740e9104e8b3104ef6c03f6f59e724bb27545ecd73c728dac81213153e6f,1157
tests/run-v2614-end-phase-font.cjs,83b9bfd190989cee17bb0d5cfb43a20a13e5fdc86de9dd4393a36977edfd26c1,1239
tests/run-v2616-gameplay-foundation.cjs,b279d5eef4a8a3711ad3ce40159c4077cecd7cfb2fa1cbe400b2707a7d52afe1,2325
tests/run-v2617-ui-performance.cjs,c2666eeec905b4cbb9a107a65aa43bc250ede7fbef809ba58c60572e5e1655fd,1799
tests/run-v2618-health-ui-hotfix.cjs,d88c5aca22cb02d680b91f95022b5a8f42c7b2488213803bfa56fd4ef0652132,1827
tests/run-v2619-spectator-cleanup.cjs,4b6b230fdb62eebe9c082fa651f070a0e71effed5114a9c3b3be7489fc3b42ff,1746
tests/run-v301-public-bridge.cjs,a77b2b1e8c8db00868dd624738cd55c85f8f915884f5dac94afcffa358ac49e8,1482
tests/run-v303-navigation-ga4.cjs,ad3fb6a5193af9cd20f619aff7771d965cc49297ea51899d29455e5d6cb2f856,644
tests/run-v304-same-tab-navigation.cjs,bad23217d3da4d79dcb8ffd08f8a66be76766773e89671f125acdfb361b7160b,937
tests/run-v305-result-lobby-cleanup.cjs,a4e993794c48e820d532b7ff559c30ea1726982fab5c37f78ca7715305159114,790
tests/run-v307-authority-pending.cjs,8b01f8a930ece007000a9e0c59312f9435ee1d5f75305485a2fd103c36ae207a,10271
tests/run-v307-network-regression.cjs,42d69399ad3a81165af1c0ca3c603ab2776cd55869b54be72cd77f1c1c4a91c0,6225
tests/run-v308-audio-rename.cjs,dc6e3ba70f82e8d76b099928a13ee2dbb400807e1f077487467b2ff8b6be8191,1645
tests/run-v309-conditional-followup-audio.cjs,1caee9c79204a27b9a984b54537e397b98cf7ac6093b3310cee013d26e440aae,2217
tests/run-v310-mobile-navigation.cjs,a5b58a5d64e9b953fb668c674e1d4ae58d08284f94260dd9db9cf45fa1a7adbf,1328
tests/run-v311-mobile-navigation-right.cjs,5993da1acc0ed347420fb48b92f1e1a1a346ed3e20bfd4b470355d1405ab4ac6,1070
tests/run-v312-canonical-defense-result-reload.cjs,5fc849fc6bce82024fab26294fa8da30a49a4341e0589bbe025844de6eda3e44,1301
tests/run-v312-mobile-navigation-right.cjs,8c687d381d2d65651dd5e2dd4a85c2c3009b6498ebfd951c08234479197f76cd,1585
tests/run-v314-cover-up-redirect.cjs,6231e7c561e309104c58e6f1213a641f983041492d90d86eb75db4106067ed75,2613
tests/run-v319-source-hp-mobile-scroll.cjs,0cd95e902cb12d247e79f9a6ae042685f23570e3936f82b6757934120f5a835b,1232
tests/run-v320-hf1-mobile-footer-draw.cjs,d96b7938483b3aa1a9d0a5e88cba1acb90dd636601308b96c63fea4932ec11f8,739
tests/run-v320-native-mobile-scroll-starter.cjs,e6c861a2ae50a0937b373f3aa2ac2c946cfe8d9b8b0a79353cc74c686d80a884,2287
tests/run-v321-deck-size-50-60.cjs,0cdbb30ff91be35fab5ca4b4d261a90802624cedc42a441869556e5111f1f6f1,1295
tests/run-v321-deck-size-functional.cjs,5fae216fafa367cfb9ce3888b0e8bcad952357ae246a89f011cc677388c7b2c9,3688
tests/run-v322-next-fixes.cjs,838ee07583766ff0e8780a438de62fc4bc8601c5b2d85aaf0184b2270a28caf2,2923
tests/run-v323-turn-flow-parity.cjs,53a61a51be43265b69cc5f751cb92706c7541c60e6833f43fe344713a40d5be2,1068
tests/run-v324-quick-reload-aura-counter.cjs,53cc98c0ed44cda68ea586001e050a391e6a104b89d4a7de8e732367731a5cf8,3006
tests/run-v325-av-card-played-parity.cjs,bfb059a14cac343e0effc0bba400619f67bc415e9846d79d970d22a9079cbb34,5766
tests/run-v326-card-played-ui-parity.cjs,179f789625454f962ab0397a68fe01a93c18bab1b77ad990dadfc6dca29ed813,2601
tests/run-v327-deck-legality.cjs,161b0604ec3372fe70d1f228d100a2fb14a3b853abef9374186a7af87e3047ce,1605
tests/run-v328-live-vfx-path.cjs,b31a5507380eb10123e6a09ec0a917d2bed95b579db362fcb27e23674a5dc693,5841
tests/run-v329-pvp-mobile-parity.cjs,dbb82f67175cb458254235cf555b6e071a1f14501405bb91065671dc2c8b4b3d,5531
tests/run-v330-mobile-controls-functional.cjs,be4794e7e16a9477b458454d9cec16c431b0f78c25cd74eece8ff8cbadb4cb17,2711
tests/run-v331-player-name-binding.cjs,d24a5a01f8d57950631970b7ec83604ec0f5733165751daf1deb581c8102456c,2197
tests/run-v332-runtime-parity.cjs,11b5b7b32ae0e03cf28991a9ff4d57067cdc83d92394e31db73be9679e858e18,9849
tests/run-v334-connection-compatibility.cjs,9282bd69b8acce39ab9ea2960f15aad9667cee4702b449dc15c0974d2b832c68,2764
tests/run-v335-production-topology.cjs,08618acedacc507a5c7bcb1547c8477be1c583ac0ca9c065fd2a105bff0ee150,3393
tests/run-v336-authoritative-feedback-delivery.cjs,7196344e38d5f731a5e9f6d4592c4b5d8da42e548abb785ff50b25e423a11ad5,5074
tests/run-v337-mobile-action-popup-lifecycle.cjs,5b7b9a37efa6ff553177b6b8ab8692e0218b862277b529a17e9694cb89bd2351,2179
tests/run-v338-final-fixes.cjs,8f4f7b7b62a410dbc50ed840332c6b38778305690f8f5b477d5b0c76066ec7c1,5646
tests/run-v339-current-fixes.cjs,be5fc6f6505590ebe4c540dd6e4d126f400acd761a5db0ce31cfcf5caf0b4f3d,4195
tests/run-v340-playtest-v014.cjs,b3dfcf7073756d55ec44facbc463784583d6013faa88f12f8fee7b7d1e02287b,1576
tests/run-v341-shard-batch-tripleshot.cjs,61dfbd3b5577e39fb8f077837c868ba02c9cb6281fb2d6f66c18cecb104ed3a3,2048
tests/run-v342-responsive-ui.cjs,6059549fc1f1e14fa554f70e00da4230de76dc1a6064f45ca7011780ea51d5c8,1096
tests/run-v343-candidate1-assets.cjs,ddbe68ef4b7751528d1a459e4c434f498ee42bf51c8e3b283fc035811cef04dc,2344
tests/run-v343-candidate1-authority.cjs,79676600f25223dacdb76761d48b73a7d8008b9448d0bcc4afa687b3e21213bc,5912
tests/run-v343-candidate1-current-deck-network.cjs,4ad42959e12777bbcc74529aa02ff598d9934aa7cecd0b9e80aa2199d99a7960,3393
tests/run-v343-candidate1-lobby-browser.cjs,df850bb6edb413b532c4bb8e87a116e961c077a0cbbdbb2113775b3ea9fe46ee,9071
tests/run-v343-candidate2-browser.cjs,185e775cf68b1041172c4698965ddc3ea29a457d9a189a18d58bb13c1728c4e4,8241
tests/run-v343-candidate2-ui-parity.cjs,b5584231c13e62ffd4c1243a43188e639f79a700182cf0d6ff231850a3c75063,3682
tests/run-v343-candidate2r-part-a-architecture.cjs,58c6f05f46085deff5d4d8ffc3c9a74a093f064ca67f95a56201fbbd925afbf2,7353
tests/run-v343-candidate2r-part-b-browser.py,90430bd9d7b08b6c33d591388dcdac28e079e0c3ddf3315b83bd258f6977acda,13818
tests/run-v343-candidate2r-part-c-portability.cjs,d6ff8fbf425209dc7e0d8c3d75dc83a9b95e168befcf14b70192197e206de6ad,2699
tests/run-v343-candidate2r-part-c-websocket.mjs,67ed79be9a97004d593d4d836de28eb51fe71554d92f39be26725c6b233064a4,12314
tests/run-v343-candidate3a-canonical-gameplay.cjs,7702f333b382fd5b311e5b38dcf30237297454325024097f5bbcfcfd956a83e3,10557
tests/run-v343-candidate3a-headless-runtime.mjs,68667a5605c1c522a815c40452cd2c95458412b57a2e87634228e8a38f4d7e0e,2779
tests/run-v343-candidate3a-intent-router.mjs,a68293d14cb43ee22d36990fcd5d9b819a4c87aad9b5098819213e0525d26672,7078
tests/run-v343-candidate3a-static-architecture.cjs,e26df14beb6b76adf0cb52f116d4b22a79cac312477ce412f1704b560afa86c0,3201
tests/run-v343-candidate3b-advanced-runtime.cjs,d5e2f15884e8001c7351330fc830c3d3d8ad130efe96c5da844aaabe98f4bc67,6185
tests/run-v343-candidate3b-card-coverage.cjs,d389accfdda69dccbcf2acce587b69a2475513c21fbc93fb860bab59d55c958d,1266
tests/run-v343-candidate3b-hero-components.cjs,1d3315bc841ad03cf032a8f49d89fdce9e78da0cccd84e8871787c081c538de9,2738
tests/run-v343-candidate3b-static-architecture.cjs,9e8291141fdd7c475e1991c55f80f0be0c6c3f4b8b1218281767d072f299f8f1,3097
tests/run-v343-candidate3b-ui-corrections.py,27cee82867d3adf2ea43dc6271c3e75889a0c506d34eb02561391eac4aa63cd9,5835
tests/run-v343-candidate3c-full-match.cjs,c8207a8e26d85e4ab93fbdce5964c8ef69632f0fd139e77fb8a99ea057dd2a0a,4681
tests/run-v343-candidate3c-lifecycle.cjs,6f504258a0dec94572d453c5bf076f251f87abcc043a73f1be7e826938c9490a,6569
tests/run-v343-candidate3c-router.mjs,c20b7da1be075f03ce99a9717535b3f88d77f49d7f3902c08ee8304dffbf0fd9,2982
tests/run-v343-candidate3c-soak.cjs,7250bb3bfc45bf8f241769da35cc3cf3456b1d58e727b540c3a23de7c0d1e348,3102
tests/run-v343-candidate3c-static.cjs,d197e38bb5a2df9bc32cdd5efc556a280cd6065dfb1ff98cd8ec835d484086ab,2932
tests/run-v343-candidate4-release-static.cjs,04589a0f70958157e1bb463d5496ac793675b5d91db3d3e06ccb57ff78d15b36,5805
tests/run-v344-lobby-browser.py,6ffc17e10c2005957cc88397e7554f45f91b5f6d5c21581ea1da83390a21f140,5375
tests/run-v344-lobby-network-repair.cjs,9073d3fcd4daa0a8eadb4a2768b395622e809deb2556a40bac336918a38c06c6,4381
tests/run-v345-lobby-browser.py,ea05e859b9a3dc785a4b7beb5521fa34996675d17d06bbb42bf4c370b157eee6,6185
tests/run-v345-server-deployment-integrity.cjs,54e191450bff9c193772f0e65748747e0d7e1fd2dcfd900667b42de4778faeea,2866
tests/run-v345-server-lobby-fix.cjs,c5fa70c321b36a09c960822f30bddd10c43c6bfefe9b6e1c7882a2414286bfe8,5790
tests/run-v347-rank-selector-browser.py,31f314f9bb635d871f04bf641b966db62bd37cd7e528181c19e72de82b786b64,6083
tests/run-v347-runtime-sync-rank-fix.cjs,ec60d404a759fbeb9745087e73363b3b2cca1b15e217a3d4aa892a26b55cc72d,6109
tests/run-v348-card-stroke-browser.py,66f70d573a57ecb07167abe5ce0463e8bd19843c6bf268dcfb0b32b1b85247cf,9487
tests/run-v348-final-bugfix.cjs,75305932c8cdcf8cd4a702e4771d1a075e28b063b64ba72b67273a8476cc5c22,9931
tests/run-v348-lobby-surrender-browser.py,4d014658555e5072f4159ae055b419b8b6d2eab80328e4616e9c40c5dd93ca80,5022
tests/run-v349-part1-retained-final.cjs,9bfb933262d1439f6d73bac2176a32d0d7e7eef9185557457157bdaf0bb7ed3a,5947
tests/run-v349-retained-v348-regression.cjs,9700c83f41012e5366dfe2884365b44a0361eebce0f004be88b972c3383ec0b6,9074
tests/run-v349-server-deployment-integrity.cjs,90b17534e654c2142d03a80fede8f8c01dc8f2c5cdece9fe1af84f1efe386af4,2923
tests/run-v349-shard-parity-browser.py,d9cc858b8711cfc819cb301e674eaff1539815f59d9fb5b4a4e703cada584485,27842
tests/run-v349-shard-parity-final-browser.py,27424ac4e6eb70520b7fe55caa1db992db76ffdcacf718793199c09de80acebf,12672
tests/run-v349-shard-parity-part1.cjs,fa6e5512fb0dbddce0e82f844e69445979ff1122528f21f032aa2c865a14a8e7,5939
tests/run-v349-shard-preview-browser.py,ba73583fe11b0c06ea76520465118299f126a42d95c29fdb5b3411011aabb9f0,7716
tests/run-v350-animation-parity-browser.py,cca5d832282e0b7e8f8f7d50db7391ec1f9b5cbaf0831420c27ff30574062013,25578
tests/run-v350-animation-parity-static.cjs,a54843d7449a0d84c51d88a1a4fc43d2fe8ce4ff474d2490fd80d88fdae070e7,3884
tests/run-v350-locked-shard-regression.cjs,7a86d74b4ca2e8acac00485b72dc4dd400ce4e0502417bee6d61683886eb7903,6041
tests/run-v350-maintenance-correction-browser.py,6a9c3a6d4002845fc31415ca92b9fa60f93a41f43e8e114556f7b09976ab8ad2,10756
tests/run-v350-maintenance-correction.cjs,18f973e12cf4a8ae9875f37b209a7a1f956641dc7982814a56927ac7e85633d0,6114
tests/run-v350-maintenance-lobby-browser.py,10959f60c48d340b0ee0b2b238d3a979bd93a1d8968daf8e6286edd5cf97fec6,4417
tests/run-v350-retained-regression.cjs,75cae52f8bb047f42c0513aca14ea88a9d3ad06585ca68cd949aee295b5f6a17,9074
tests/run-v350-same-version-maintenance.cjs,50d2091144dc13f4b2fbe03500c1a15ade1960d1019cdf6de223ef27f91f54ee,4606
tests/run-v350-stage3-response-held.cjs,953194fa77e0c13b400e1fc61fb277ed2b4c423908e2f627046d9a4a303e69c1,7839
tests/run-v350-stage4-authoritative-battle-browser.py,2bfb32062bfcb33aba857ed968913c369b7c597af0c7daacf638909d766cc23c,7773
tests/run-v350-stage4-authoritative-battle-feedback.cjs,8e7caca212aea336700517ac9b26de99fa447f6a18f8cc9f2ee907f9e1efdc2e,6927
tests/run-v350-stage5-deck-identity.cjs,6005459244e70b09c364dc4e23ca05c41fcaa7d0aeca783cc92a15a0837754bc,5084
tests/run-v350-stage5-identity-browser.py,63cdbd69ff77781ec1fc8ea48808b3970b6a9d358fd872a4451876afa5ba45f1,8626
tests/run-v350-stage6-render-draw-browser.py,3dd3e6491eb760372f209b805194f2a3cf92c538b633cb965d185c82a497ff18,11081
tests/run-v350-stage6-two-client-integration.cjs,105f03697ec56bf4a60ad020dc732996bc2014d6c4ec0ee12b0e803f61c9ad0b,9272
tests/run-v351-version-promotion.cjs,7e6778d9abb3cb01a82cc3a93e93eafaef1fde6fa6afba9be3a65917b7106c24,953
tests/run-v3762-stabilization-static.cjs,ac8d176496b7ac997bd0610499cdc770b6e6f85a06b89de49941e5791ae32d6a,1925
tests/run-v3763-boot-browser.py,eff50708e32af5827a5613ff0ae5ca2f7cbda8887e58d7936264de6c3cff1504,4641
tests/run-v3763-stabilization-static.cjs,a34753147908c7302e5f49a93f6dbcd56e92e2f7146e793de2a7650fb29c7a0d,2708
tests/run-v3763-static-memory-smoke.cjs,6631a785b5f91bc9ffbfa55ea1b55f0e3fad2d7145783abb6fc0546246b3e16c,2095
tests/run-v3764-static-memory-smoke.cjs,5c1e1bb30383b3f2b0a4d32cdbb97d79c0464fecad7f34d40f54514bcfabd936,2095
tests/run-v3764-ui-stabilization.cjs,e0fd339802bab2d7fe12997957a07d90d9083b4d9118c897f4a91f99a8d7bfed,4310
tests/vm-pvp-harness.cjs,343fcabc5946212ecd0ca5e7e67b9890d961c0f8b9ffe6d0ce35936f3143b0fe,2212
tools/audit-public-duplicates.cjs,277e21a2824dccfc24af8355947a00d939a76ba4ceb4a65f6784c318243fa0c7,1156
tools/audit-repository-size.cjs,77011b41d22a9d9bccc786e8b714cbcf267650a6374c8b90235007dc26bbf7be,1361
tools/build-candidate1-data.cjs,d5ef399390cdb7162cd93e2be2f93baafc1ddffe3e452a7cf0daf261a6a44504,8155
tools/build-file-manifest.cjs,0d3aa468003589a916dcbef3f43c76b3907ecd86b253ac09b68905df50e16ce9,1139
tools/build-public-frontend-manifest.cjs,b22658cc723599a3f8766b726dc0e537b8232cf7dadce4616980b50140421458,866
tools/build-runtime-sync-lock.cjs,c0b24a15dca30668c00f79ef7b564f6e22e43fad6336ab13914c3d0f9226ac51,3122
tools/verify-package.cjs,18ac722e3fba314359162fc7ca93eb578c584cc38372ba113d60293119e92202,1559
