path,bytes,sha256
.dockerignore,132,ab24be21fa795a25df49d23045ab04faea2820a0dc109bc8185b0254e2bf4db5
.gitignore,30,2f9aebd7a15d0a9e62d69bff1c888bb93ec5eab506a9db272de622defda4735c
.npmrc,60,c0ce28ac800773efb43ee1a8a207df82089cc9a9e0d91bc973942beee1b3cfb4
BUILD_NOTES.md,6374,e4e59e7758821508dffea17121f2c7fd73aac0b3d796cbe456d883b66a6584de
Dockerfile,290,5317766a01d689c6a11e89761a3c7589c17c5c1bbed24bb671e277aea879e502
README.md,7726,da4931934c65312967c3e9835902dffe11e0aa03436ed63b5665aca6614c8c3e
data/config/active-runtime-source-stack.v1.94.2.json,998,ae9a5b3d586c32531e6934559a0ea271eed1242e6767fe77b095bfe87edc88c2
data/season1/card-preview.generated.v0.16.2.json,501091,f94d45cc43aec39723219db56419b0649e7ada48d3236fccf68a3b689b7b79d1
data/season1/cards.runtime.v0.16.2.json,3372618,79f090fb78fb45b6fc48646c664438d5d5d4c3bab67f72aa36bc89bbccbd89f0
data/season1/effect-checkpoint.v0.15.2.json,1694,c76b681025136f39d4600871f3240a599abd4e015477889d2123fc8dc9ff9918
data/season1/effect-recipes.runtime.v0.15.2.json,4789396,173728d564f93d95afda938426492ce853f88179e67ca4147a5fb9c530255b3d
data/season1/hero-components.runtime.v1.1.0.json,50888,dd9214ff354b42a644c98d0b30d1b3535db404a36f12c1550a181bf51b505a45
data/season1/legality-map.runtime.v1.5.0.json,666885,cb2ec172077efe3a52f6fc4b89e0556215348b97d9b773e63a0997499e49f955
data/starter-decks/ACTIVE_STARTERS_v1.6.1.json,4460,d818646d13bf41414d81aedeb14495e8308b2882c7f9bd2e50215be5e615dd10
data/starter-decks/Grandis_Legacy_Starter_Deck_Presets_v1.6.1_LocalAI_PvP.json,69122,c3314691accc56089e04bb95bd2f9987f2c90aec48907ff6104c04d6d0d0fc28
data/starter-decks/active/starter_01_elemental_lord_conqueror_renegade_GL_DECK_1_0.json,12042,7dd79899df1e392f6e20dcea9c37ec5cc0fd4bc4f1518e24189dc47834900906
data/starter-decks/active/starter_02_saint_crusader_grand_ranger_GL_DECK_1_0.json,11797,6a8cf81226a2c6eceedb0e787d997500785516c2e39dfadce1c4aa7e5f2a7016
data/starter-decks/active/starter_03_arcane_duelist_elemental_lord_saint_GL_DECK_1_0.json,12056,654235085752ca52cf42dc5df94bfa5551c2edb068e6b54c0b61c1d99bea3481
data/starter-decks/active/starter_04_grand_ranger_grand_arbalest_renegade_GL_DECK_1_0.json,11708,a92148153a57ef1fdc96f6582424c47251fb8b39fa235c5660323a6bde0fbdda
data/starter-decks/active/starter_05_renegade_arcane_duelist_elemental_lord_GL_DECK_1_0.json,12347,2367b595bd74c546ee83ecdfe39b16d594deaada89afa08d0232ad19b9640324
package-lock.json,914,77886408b76ebd5e8dec9172ffcf5b5fc0121074aa6cb1df779655eeca992b80
package.json,2341,d7885504ff0345b0645c0616f25bd4c633cff6064886a5d8d295e0f79e76ccb2
public/FILE_MANIFEST_SHA256.csv,30828,b36d1f1d414d141192af6c1320ae34d721be32f3c272f1e10c89ab5a3806dbc1
public/README.md,24779,8858383033f75d7a859de9615524e4bd96d13ded99a35f89df469ed3a30a26c7
public/RUNTIME_WIRING_NOTES.md,51259,a9d8521281cb2c9fde9601f6f9420590f666bb1b3903c5cd194ee8aba2a140b7
public/assets/cards/S1-ARC-006.webp,64008,9091491a903f75c4e290bcde089f531984f1ecce7e6081825eace399035a6805
public/assets/cards/S1-ARC-H001.webp,72946,3fda8979176906f1ba0e91d025e68217d093cd31537074df6e6778def7b248f4
public/assets/cards/S1-CLE-005.webp,65064,9e68726e16f33295069a84cbfb5f24ed2c47f1f2d3d1ba35d3b3af4b14cf1f25
public/assets/cards/S1-CLE-010.webp,68882,cfa225bc2a516dd3d60e2796dc9eea67bf75845f825ff6915f35185a4c8a023c
public/assets/cards/S1-CLE-H004.webp,69640,5a6182c630f21bdbb1d36a432cf45f15da0c23c28a534a2fa703ee0948af5c50
public/assets/cards/S1-ITM-001.webp,58930,fa97f1febce39293330b16322b8f251a0ddc83388cb8388deb1d525ebaefed98
public/assets/cards/S1-ITM-018.webp,72408,99649abd062d36f8d215bf0dd27c714878b9340abb1d96f50a4bac68b951a476
public/assets/cards/S1-MAG-007.webp,71480,ee8c8ec3e01238a48e1b39d15aa3ac13dc3928761dc5b1616acc3a39e6aec2fc
public/assets/cards/S1-MAG-008.webp,78678,221d8ae8860936c3b6995ac850f16e403abe6fdff1ceea8e012d5f32efca8d41
public/assets/cards/S1-MAG-H001.webp,88424,e5e0f2b091bf70b8a3edf92c976968b1d0f02ff36346724dc3d4c710615de0a0
public/assets/cards/S1-THF-003.webp,61624,ee90ccde258c3a935edf9b5055c5415c6e5a202896421c722246814d6d99b49d
public/assets/cards/S1-THF-012.webp,61764,9ef6d6eae9f6c2816ce6412276356ad09980da384ede6e3601affaaec70f5c91
public/assets/cards/S1-THF-013.webp,71952,9e767c1c233eef7a87fb36bc09ef5c1de8698f02cd357bf739b68edf2964d2f2
public/assets/cards/S1-THF-H001.webp,68110,fe5ff8467285c3658c7c90db39255046a03e5823a851d4f86877fb5487e31acc
public/assets/cards/S1-WAR-002.webp,61420,f2e8995e6b35c785a575e8a0e1db2795b8e2cd40474eda70dd3aa525ff29d9f5
public/assets/cards/S1-WAR-005.webp,64170,e57b9f0f28ccb5fc726744c81bd5b1cd06bcadc8eaf4ca7feb8f06c21f1644b6
public/assets/cards/S1-WAR-013.webp,65824,e4fc19cf038f1a609faff0b2f82dda1a7b5edb3a986f1bd4c5125c6da5d8d218
public/assets/cards/S1-WAR-H001.webp,74164,89d3c40b9f7ad7a47a638b8371d68156f51a991fd9eed9a5929e4978c55f208e
public/assets/cards/S1-WAR-H004.webp,78304,565779a9f44567232232f58b8fe717dc90c720458c33461defe4e641ca8e5b8b
public/assets/favicon.png,10391,ba3c77d7c9172a375ad23fb449ad44a1ff4d7dad53a56770f71e352cbc7cb03d
public/assets/fonts/NotoSans-Variable.woff2,888276,4204916b05eabc58243435a9ddfef2a4b88b29c4547aac811c6818695eafcb11
public/assets/lobby/background.webp,32642,487496dc5ac86b037002a196d17062da05ca925ea16253a0a9532e008bfe44b0
public/assets/lobby/chevron-down.png,319,ffb2be69858295e8dc51841c035a6d0f717447e786394f43edf9aa6abf938fac
public/assets/lobby/exit.png,439,7ab49d201942b7334867609ad6152e894b25a46fac465c461faccd177ed3bd46
public/assets/lobby/grandis-legacy-logo.webp,132856,c62604a77d5307612c10e47a5eba0337d01b4bb1bb801d97dc4fe844208de8d0
public/assets/lobby/swap.png,1089970,b9e181e1fc207a223f2fb615ed0dc851812ef93acfedb6088a5e5b8714e9034f
public/assets/shards/Archer.webp,62554,78b1165ba6cdfa20770e07d791af6ec1ea82fae04a94324f4acf3296c9e4c702
public/assets/shards/Cleric.webp,73402,f5b6b8f9cb99d3da6adb0de30393c6fcd899fe660af3a31c7ef42a70e6953de2
public/assets/shards/Generic.webp,63822,5bb2485e987b8895c5e2185ed78b162f2abde05b216ea6358db473d7fc389fef
public/assets/shards/Mage.webp,68020,9eb9ad3e34536574834b638c1582387baa142b47b7191488b2f28021b483015c
public/assets/shards/Thief.webp,57350,5e16ab253a6d3ea67a93163a763c4342b338875a30f6068c8e4916a254bc6bfc
public/assets/shards/Warrior.webp,69952,c8844db5a13963c0ca43541d72e0103355f3985965ea51e2d8b435bdc8946dc9
public/assets/ui/Back-of-Card-Legacy-Deck.webp,25956,9c7d91fb5789493a951878aa26f45681d769f787c269a860f701a37ece018d28
public/assets/ui/Back-of-Card-Main-Deck.webp,20678,9add0915f7ca981dbf6b52aeaddeed43d9db9e2070c791507459d8e9b6995c8f
public/assets/ui/Background.png,2333666,03bd71e201ddad36c9d044b00ded9589eb0e8054a9324aacb68f3668584d2df5
public/assets/ui/Mana-Shard-Thumb.webp,31752,d67530e1ec04053c53062741756f070e99a607af8a007b131d70083c9850faa6
public/assets/ui/Racial-Token-Head.webp,27298,57036f1998bda6b4de001e91ef6879036987ff901653209a92e653f511325112
public/assets/ui/Racial-Token-Tail.webp,13620,2c4947aa137ee15967c3f4342fe00179ff90dee5fe87d9162ca5d766896426c2
public/assets/ui/back-legacy.webp,25956,9c7d91fb5789493a951878aa26f45681d769f787c269a860f701a37ece018d28
public/assets/ui/back-main.webp,20678,9add0915f7ca981dbf6b52aeaddeed43d9db9e2070c791507459d8e9b6995c8f
public/assets/ui/back-shard.webp,31752,d67530e1ec04053c53062741756f070e99a607af8a007b131d70083c9850faa6
public/card-art/S1-ARC-001.webp,67518,f7e43cfaeb1cb24e2ace4a8bb4ca5cb0ce56355d7008765d5b4de704ed8cb4ac
public/card-art/S1-ARC-002.webp,61884,e2ba27417aee31c8c79da1c82961bfe671872194d5eeed8fb0ef89d791b8ab8d
public/card-art/S1-ARC-003.webp,72538,df4b133a5efc6fcd5c83c14a0b86f7f868a8e2c62691096198378402bfab52d2
public/card-art/S1-ARC-004.webp,65990,49e28a5e831e64daf6355ba2358276377e472b3db79dafec846aef855f72d1a7
public/card-art/S1-ARC-005.webp,62906,2e565b51ee0d47530abb0bec579fd4e876559c5d3f20fd81914fb2075f58b86d
public/card-art/S1-ARC-006.webp,64008,9091491a903f75c4e290bcde089f531984f1ecce7e6081825eace399035a6805
public/card-art/S1-ARC-007.webp,68062,f7c9dcb98a248a57537c5f060f3f0978529c40fa1c335e21009df71907cebead
public/card-art/S1-ARC-008.webp,71056,84643a4a2f4d85cdd27c599e0e60de2eca796eb4495d8a32ab41c791e9ebdbcf
public/card-art/S1-ARC-009.webp,67324,1fbd63941527a2031ba2f744b5c27472f62a7100b95beb09835ab36323f29231
public/card-art/S1-ARC-010.webp,67710,7f5fda08bc0be8b369899e364de2b55be6960737d53ee9d5817167e4b1124fb7
public/card-art/S1-ARC-011.webp,70354,7b9f0464f208ecad6fe3889006cf4d9fb8407b91f8a128186ae6d100c9e68fd9
public/card-art/S1-ARC-012.webp,70074,bb565f330cf4a9e496a97f998d5aa149f72df656cc392afcb006026f80c6d068
public/card-art/S1-ARC-013.webp,68548,e234e53b2bcfb589e891bf1d31fb8d7b4aa94711851bb60b18623efbf15e3b44
public/card-art/S1-ARC-014.webp,71812,c9a7db78c14becbd1aeb6e52d023c3c51b0faa6cdaebd592d4ea8217c02f9383
public/card-art/S1-ARC-015.webp,71370,01967879ab482a73bac9489f6af5a859b17b512f961921078eec6d002d8f899c
public/card-art/S1-ARC-016.webp,76346,7b9a965d6c938b5cc597fb989c114919ee53ea09e958e15bae217633f6ee93a4
public/card-art/S1-ARC-017.webp,74234,fe29f030d05e8fceeae37426b997ca1ac9ad87235bb8efd54b0763a944856c1d
public/card-art/S1-ARC-018.webp,82800,d8692cbeb9a6b95607ed9c745095f364c63dbfde22e51dee11175fd4c7a192c6
public/card-art/S1-ARC-019.webp,63944,66e78c148eed85af5d86e4d79d8c54397d193c0c363b4f82616ef1664ec5c87e
public/card-art/S1-ARC-020.webp,70728,da4588c0cc5f99ace6a59a4498a534fb3a4686446419cda6d9f75b19f15d6a5e
public/card-art/S1-ARC-021.webp,72262,ad9318d2afc973f7b05ca3e32b52f99064fb06a173515e4359ed3d4d8fd91e32
public/card-art/S1-ARC-022.webp,67346,3d4159c938c919d65fcb79e76c3c8da6f17bc55c236513dbabb342fd3552ed1c
public/card-art/S1-ARC-023.webp,73454,cc531950a87f8d68de250c24209977b4f5256cb49cfd305d82f3ac1b26fbdee3
public/card-art/S1-ARC-024.webp,86346,577d57a2810e841ad48b3e2ab116df4ddbca6c51fcf1aa9f39796e85bf6d1bdb
public/card-art/S1-ARC-H001.webp,72946,3fda8979176906f1ba0e91d025e68217d093cd31537074df6e6778def7b248f4
public/card-art/S1-ARC-H002.webp,76434,49ecf2fd2f825c6dd761e02b772b1c0cc8ce026c811aecf26c3e4ab7f7b6a124
public/card-art/S1-ARC-H003.webp,87366,8c5b1cd30032e689d7478792f091f76ae15f08946c9bc5643d263f68e16f3f86
public/card-art/S1-ARC-H004.webp,76420,ef32345e3681f19e32bef9ad0195e643498fb5d297d98d55d4870f0a2806f425
public/card-art/S1-ARC-H005.webp,87534,a3588e80dfdb946f6d3e2774ba31ae59a466442901e97df625ed4d135150d39a
public/card-art/S1-ARC-H006.webp,93884,8eff4a6bf36c575518fc6ef734abb9ff421fd0ed503606035f10d6bffa069523
public/card-art/S1-ARC-L001.webp,70778,44cc509b10ef696e5b96f93dced13f638c3bd376939622dea40067cda3d21113
public/card-art/S1-ARC-L002.webp,68802,91408b089f405510792098487d5ebe9997b529639bf2c3cd0f2c2a348db9c287
public/card-art/S1-CLE-001.webp,54900,bfb3a159caf9da589a79da6428b553a9dd9faed695a0d009e53f1840c8d23b2e
public/card-art/S1-CLE-002.webp,61274,9415ddd8dd81665c3078155914ac6fa0ca957aaf9789f910193157b6137d7eee
public/card-art/S1-CLE-003.webp,67986,051440d64d0c647e05e8a4fd874eca1d8d61d2d74f8f47c2a726990237bf1f09
public/card-art/S1-CLE-004.webp,66888,a293b48fa6ea07f16a3a13da0dc0f9da401ea22a6bc2100ea1adec525aa70a83
public/card-art/S1-CLE-005.webp,65064,9e68726e16f33295069a84cbfb5f24ed2c47f1f2d3d1ba35d3b3af4b14cf1f25
public/card-art/S1-CLE-006.webp,65926,51b96b0ca9bc51ec8f51c2493bf6ca9b56283194ca2caeb538b2f8b706f86c4f
public/card-art/S1-CLE-007.webp,68938,3a061e87f66c18ee747b77129d4a6c8d7d2d93c4d4ed47a42cfe5a63f29f6c97
public/card-art/S1-CLE-008.webp,63814,38011db9af12a5a999ec8b5688807fc3318da073b22e6a12ccf4cf829ed43169
public/card-art/S1-CLE-009.webp,66632,9256d57a533b212d83a68b14fd39634bec5d11f55f4abb6c6be1831b0e149f5b
public/card-art/S1-CLE-010.webp,68882,cfa225bc2a516dd3d60e2796dc9eea67bf75845f825ff6915f35185a4c8a023c
public/card-art/S1-CLE-011.webp,68724,6c0a5211bdeb849f4af35a3fdd5ddf3692b5fcdaafbef598125dd41fd7ab7c58
public/card-art/S1-CLE-012.webp,67678,fdc69298f1ab19e63ad169ca788723325d475b7e0acf7a4a8b5c0715ad8d0e47
public/card-art/S1-CLE-013.webp,63294,efcf5a0fffd937049ea0a598a6c025cde07763b7a80c5c4ea29386edaac825b8
public/card-art/S1-CLE-014.webp,66400,9cedc0df2e39f6cf0ad993d50b1b7d4a00310b975edbcda26aac2a95f35147f8
public/card-art/S1-CLE-015.webp,67976,8780fd71ecb5b53ae5a65763821c90e073b08d663ab9c460c8dc1f377792e924
public/card-art/S1-CLE-016.webp,64726,840ac08a28efba0b97d4a081b0a2ac43b8c8271e26e065407aad4106393fb735
public/card-art/S1-CLE-017.webp,65316,c09e3546e90cd935e569be9a0b657680786ed8f1ad90305fddff3bad88838bf8
public/card-art/S1-CLE-018.webp,81556,5c9531621e2404a18c5174b610f1bb09dfbbeb8115f65c170f9e65102fd17c54
public/card-art/S1-CLE-019.webp,79086,ecf680fdfd2579fdbcf9b8a63090da7762d87fa3161e27fe1695b40f83f731db
public/card-art/S1-CLE-020.webp,63374,20c20976cdf95451ff300792597fd21af190e6b1be562b0f56884c296d5f831a
public/card-art/S1-CLE-021.webp,68676,db7cd9ca1b31265550b76890031d78641400911ee1c0820d4b146a9e8cd23571
public/card-art/S1-CLE-022.webp,69330,7340853699f62353c31548a1f2a5aa3fd8414f59c1b56a545d4b4b96b5eff22b
public/card-art/S1-CLE-023.webp,67108,d5aa803908881c117b072b111458c9194c1a551396d067b5663d645ae4e511ff
public/card-art/S1-CLE-024.webp,66356,22e087945858bac09b740b8141c1b9844029e527110e2ec6f4ae48d16f8cdd52
public/card-art/S1-CLE-025.webp,87742,d1c60c5bac9a3301ed745f6693a7e481adbb4f4731aadc27abe80f69debfa707
public/card-art/S1-CLE-H001.webp,72466,846cce0d6871d84605861ec2579cb9289977546da07f47daaab9d35e6ba36802
public/card-art/S1-CLE-H002.webp,80056,5443dd3d1f285167a6428fdc1a29ad577c8f5224ab7350bf1a4fc4c4f062a40c
public/card-art/S1-CLE-H003.webp,87032,1cc1c5e19df05b5b7bca908811b17dfdcccfcbf13109e4e5437ad0bf533c18cc
public/card-art/S1-CLE-H004.webp,69640,5a6182c630f21bdbb1d36a432cf45f15da0c23c28a534a2fa703ee0948af5c50
public/card-art/S1-CLE-H005.webp,82086,5034b63e34f0df88675b2da292092497f5ecb3b9ee13b87ff5c3122f547cac2c
public/card-art/S1-CLE-H006.webp,88344,22048abea6504b576d3eb362ace0cacb48775c8ec06c192b647a486cc66e7e16
public/card-art/S1-CLE-L001.webp,68778,17e3ab79c7435836785f85de03b264ef101b82d821f6123eb3a438cad0aa3f99
public/card-art/S1-CLE-L002.webp,62540,db974e08ecf89caf3b5603eb8e6a21aa30de32dd58c2fb6293f3c090d586f08f
public/card-art/S1-EVT-001.webp,77844,1bed3b6e3664a821205907e3ccb1cf62e1370252f5075ae088d1b1902b1dd1fd
public/card-art/S1-EVT-002.webp,72202,a544e5cc9894ad21b37677a29abba2a3c77a98ca3b42abdc8b19e8a4e6c6b0a0
public/card-art/S1-EVT-003.webp,73874,e8322aed921e5422bfc235c81c1fb597e9b54a2fc880267466de82b60969f287
public/card-art/S1-EVT-004.webp,87038,0e8808739aff97b8b2b06bfaecfe8181ccc988a525672c0fcec87b515c2f6d90
public/card-art/S1-EVT-005.webp,84758,47f8c28cfb44a4ccfc5b1c1c3bdda99c4cb3cb67bfb9fa78b4d9407978752871
public/card-art/S1-EVT-006.webp,74930,fee43c860dc5ad778fa5396ddf92de844dd6e5c27c7c2eeedad7f1cf4975a4a1
public/card-art/S1-EVT-007.webp,81700,aacaddd556b117a9fa0688158dec4b9b2f19bf58be491375e957e2d9d555fe3b
public/card-art/S1-EVT-008.webp,78502,dbaa34dd1e8a5cce5ec36a0384b84fbffaac31138c747a88dafd0203aa7ca348
public/card-art/S1-EVT-009.webp,87714,e459b7cbe46a382862a7e30d0b133ddd1fb8f0798ee4da72f240ef77050c5b57
public/card-art/S1-EVT-010.webp,80892,291c9410bce715e22b010d85cfa839ec6b8dc2df72fd4e0a4452495577497031
public/card-art/S1-EVT-011.webp,90118,251d6b9b60548ca0a84b36becb2c6c89af68cfb4a4547d856c519437496061d4
public/card-art/S1-EVT-012.webp,84232,54d3dbd4b0dc4bb489bc43ee0fbe2764c8ba6ab3010e8eea57dc6a717ba154b8
public/card-art/S1-ITM-001.webp,58930,fa97f1febce39293330b16322b8f251a0ddc83388cb8388deb1d525ebaefed98
public/card-art/S1-ITM-002.webp,68398,80060f223ea349204787ab5a702968fbafc9370a5bb1bb1d66ab9858073104de
public/card-art/S1-ITM-003.webp,65280,14346c64e938836a878f0d4589fca05a578fb2110ebc0974bc2f63e68570b3b8
public/card-art/S1-ITM-004.webp,59920,17cb2a081d824bf6a523bbbf443f8b18b9ef674daeb30ed27a30bdd33f06bd78
public/card-art/S1-ITM-005.webp,60658,9e99cd16422810527367f258a9726f4c6b1cfac7df3af7232af42977ac317faf
public/card-art/S1-ITM-006.webp,68958,fe835c2812b5eb3357f65791ff728b08648354e6c93b4a07b44adc1ac79ca6c3
public/card-art/S1-ITM-007.webp,63834,51f188feb02850e1fa50e7b14b6569136fe0ec2c00adcbeea2a3335ef72d93a9
public/card-art/S1-ITM-008.webp,70448,baaff057fb85cf798dd1ac15b9836472fa63b8d267f9f43208a6f5829c7a9b68
public/card-art/S1-ITM-009.webp,70054,af2617f01de3d68e7ddcc9a71d50b925c38fe038740825e37b78ca17a2eaa3f6
public/card-art/S1-ITM-010.webp,66384,62020b658065bee6d223c175c6883a316e24ae862f048bf884fc55f8af4743ea
public/card-art/S1-ITM-011.webp,64354,bd492d1fe553ca74f9f9b328f7fadb74c35539496ef67551a3df6c45eeb4c2ef
public/card-art/S1-ITM-012.webp,65930,c213f8ca5a6a5b7deb01da420e10f7b93ad978f6b3f6c1301da099eb0ff260aa
public/card-art/S1-ITM-013.webp,71134,f3da1b8a0651ee091b722ce781a9f6f958fad62cb2dea4ad6da4a9eca94810b2
public/card-art/S1-ITM-014.webp,69168,2779793b7e0df58461e8a1da5f0b42209e1b9bb869ad887ceb10979ea9963dc5
public/card-art/S1-ITM-015.webp,68122,6cd4b2b05e5d8e2b6e4c6e79c3aa77ac58dbf52f14a14856e0efe7587c887aa4
public/card-art/S1-ITM-016.webp,61138,8628e8e6a643d808f5ee90f828ea90ed838f368cb350c89879317c4b8c6a3b4e
public/card-art/S1-ITM-017.webp,74296,f88be5a90e4252bef9d45300c491ae7969a597545612f0408ccf9ec9808b6397
public/card-art/S1-ITM-018.webp,72408,99649abd062d36f8d215bf0dd27c714878b9340abb1d96f50a4bac68b951a476
public/card-art/S1-ITM-019.webp,61596,025c28e66bf7add0911435c2e6737c66423f6afd6aaaa0b89aa86c3145bd2193
public/card-art/S1-ITM-020.webp,58112,18d99513312e214d8869a3ed14392542b26d7e0164032b07aafac73bf3d72f8c
public/card-art/S1-MAG-001.webp,64604,3cc572f2b4c813faf7fbddeedd568089829ae5c676d181babad895826a36bff6
public/card-art/S1-MAG-002.webp,65786,bfca78d63d99b71dc71076e39c7201507c495c8852192d716ae7d98aa6a10fc5
public/card-art/S1-MAG-003.webp,65156,ad3d10e3e506b7703bfa5a5bba06e1e1fa272dd33a64bade13b0bee95ec57275
public/card-art/S1-MAG-004.webp,66300,5a35abbda1fc6a97b3c4d856a697383a450e2720d7c5679648e1baddfbfc4a0d
public/card-art/S1-MAG-005.webp,64084,b37001c8f3ee116ec45c1567149c08a9e2073757c6873ebc1df598381d8e22a7
public/card-art/S1-MAG-006.webp,62006,7fa3be3d40dad78494984ba44b8341de3e5c5b9905ca573afda013fe09ebb3ea
public/card-art/S1-MAG-007.webp,71480,ee8c8ec3e01238a48e1b39d15aa3ac13dc3928761dc5b1616acc3a39e6aec2fc
public/card-art/S1-MAG-008.webp,78678,221d8ae8860936c3b6995ac850f16e403abe6fdff1ceea8e012d5f32efca8d41
public/card-art/S1-MAG-009.webp,73576,98a145ebb9219d37ac72ae7c332b3661b1ae22b107d25aa63b813e2767d21f7c
public/card-art/S1-MAG-010.webp,77820,81f57088cb273a60411323316f1a2ebeb96f8b41fe07a85ff780b97d0ec4834b
public/card-art/S1-MAG-011.webp,68348,845093d04e83e4d9dc25bd9a1bf9760713b14914173ccc0d01ebce739bb5011f
public/card-art/S1-MAG-012.webp,70816,94fef43c621c527391b5460ebacd331db54174b6882414724e0bd6251781bfb1
public/card-art/S1-MAG-013.webp,71110,186394c23a990c898e5a65386b17174fd22df7e8d6dfbaffbc5c2edc4e10a33d
public/card-art/S1-MAG-014.webp,66800,fe93f5c32ed7957038ddf4f5802d2304069d2399acbd7439daa99762fc86b49b
public/card-art/S1-MAG-015.webp,75656,5125a97f9f77b99f04d4ea66a006a136a4830c66f59f18e9cdacfd7d088b97c3
public/card-art/S1-MAG-016.webp,64948,fb073f53ffbbf61cf11ff50567b2e777cbf3f0ca07ca6ced91602264ffb2a2b2
public/card-art/S1-MAG-017.webp,66948,cf6a372c6b0d5ab097388b2ee26af00b193efa245daf039a747f6baad996091e
public/card-art/S1-MAG-018.webp,89656,2075e5d86e599dcd9721190b8365710837058947e6c124f0e93f848b2110f829
public/card-art/S1-MAG-019.webp,81178,def91ea099acb886a2691e2bc246b8b102a5998ba2107e1f415c5e875f2aa583
public/card-art/S1-MAG-020.webp,66254,fad66663aa71b41d43867b5c303665ab7dd6f036e588fc42830e4be883944d7e
public/card-art/S1-MAG-021.webp,69924,68095a4e06b20b03ea5fbb10c357c03660bf965a6e797081cef34227cebf72d8
public/card-art/S1-MAG-022.webp,73506,41665d35005927053f5c45e277a894ddc4d9e0035342778e59aba41cafaa1f33
public/card-art/S1-MAG-023.webp,74164,728597cae1ff8677f754ac89c28099e3f1d92dea81c8bb7536327372e77561e7
public/card-art/S1-MAG-024.webp,75636,0274eb78e6a94a40afc5d8cde7b1770f27c674282a73e4785baac68b1c8a1725
public/card-art/S1-MAG-025.webp,80356,86ad74d23552989fd27e1081d6f6c6e44eb9c2caa9a1f9ae859dc4780789fef0
public/card-art/S1-MAG-H001.webp,88424,e5e0f2b091bf70b8a3edf92c976968b1d0f02ff36346724dc3d4c710615de0a0
public/card-art/S1-MAG-H002.webp,87204,688c36ba59b12b66af2fa6e908d4cf8b192790c45f91076465ea39775a58bcd7
public/card-art/S1-MAG-H003.webp,94076,2737c47eec0d34b6cac2d95d3ad323c13b23f243eb21e8ab3800489b3ae36c86
public/card-art/S1-MAG-H004.webp,76604,7c3aa6bb1890b0a7825c6bdc9d385c99ae1193766c556655dcef9f58eeea3bb9
public/card-art/S1-MAG-H005.webp,72664,a8d0980ccc4212a0e8088f420b523dc44d35c90272c5572f16ca3a63f7da8178
public/card-art/S1-MAG-H006.webp,82882,602815ebc1938c2e383519779e45bbc373f03ece1f9c8b578938ffddfb57b3ae
public/card-art/S1-MAG-L001.webp,67052,b2deb236e21929eaa5d167e42a88bd96cf029794f81118629d168ade386ede41
public/card-art/S1-MAG-L002.webp,66054,c89bfe24e23de95f4bbef9311e3bceb27eb65928ea532a2ad5d3a5d0226eb662
public/card-art/S1-THF-001.webp,63716,7f10d8e8985be2109b36c200fb0e787e0e951a210d81ca8596f838fb34d8c448
public/card-art/S1-THF-002.webp,66758,e794e4bc9f09b9d760ffdf463348a5a8ae4156c0f33db51b9b7d49a099b7e7d6
public/card-art/S1-THF-003.webp,61624,ee90ccde258c3a935edf9b5055c5415c6e5a202896421c722246814d6d99b49d
public/card-art/S1-THF-004.webp,64500,871d01f676cadb223b02e01b6d797aced1408690f790c3b35e5546c70975e130
public/card-art/S1-THF-005.webp,69244,311a15069a78ec8b3549bdea92279b1707bb6b0882a8004f3d6cd0e3b0586901
public/card-art/S1-THF-006.webp,67840,8f17a034afca55ffe1940f832615a632aab54f238335d8b4f272f1a7bf116b95
public/card-art/S1-THF-007.webp,69548,23785d847fa2ead0330419cf8e67b77f64efcb29d882bf01eb9acbe18bcd133a
public/card-art/S1-THF-008.webp,72592,14f5cb8aa15531395e666a05fb85e924a31d2ff6b0c49a9968ec3e61a82f7338
public/card-art/S1-THF-009.webp,77140,5dcd40523832573f0f751c5710073b441b802966ea0d17bd5684f83056233a5c
public/card-art/S1-THF-010.webp,72020,b543e7ede3403552407106bb85f87781cc3310f326cb87fa1137d9eb23f2fff0
public/card-art/S1-THF-011.webp,68858,a9b3ad08a4573f3660d57e08654609fc35d5f8067d9559774846819ad91db37a
public/card-art/S1-THF-012.webp,61764,9ef6d6eae9f6c2816ce6412276356ad09980da384ede6e3601affaaec70f5c91
public/card-art/S1-THF-013.webp,71952,9e767c1c233eef7a87fb36bc09ef5c1de8698f02cd357bf739b68edf2964d2f2
public/card-art/S1-THF-014.webp,73102,5f818bd2f4d6c1220f0f31d632a09b5592fe48e5f24e843f03179cbed64737d8
public/card-art/S1-THF-015.webp,75136,c996e155dce94268cd2d85a41ae07573421716357026e500de430a611760bc9a
public/card-art/S1-THF-016.webp,71882,dea9712a243dd25be378ba8107f3ea32103f082ca2eca6f7e757b2bafef60ccd
public/card-art/S1-THF-017.webp,77468,43ebda6cd797847454039dd0ad52c87b464f22db89cf7283272f155c1fa3d891
public/card-art/S1-THF-018.webp,88172,6a986423fad0e450d7482ee1a7ebe480a0cd7276e7137014df1025e12141463d
public/card-art/S1-THF-019.webp,72628,010ba14f42b1cccde355634684c762e2fb9aa8a6b0754ce5d8e00ebb1210f963
public/card-art/S1-THF-020.webp,71636,6e0deeee38542a35e2f404b752399e605602ae549e16c4644d5db6add895f227
public/card-art/S1-THF-021.webp,72392,faaf68f5743e15ae792a466076f086361198ac1440b5520078f486aff05cd912
public/card-art/S1-THF-022.webp,74170,2f31740460b1c72d2c22ce401e09a2b92974d547497a91a0a84dbbec2d8156e1
public/card-art/S1-THF-023.webp,75418,5abb5f17ad6cc1cfcf801f1abe621ff97cbc1285b2958663c7e4756bbd9a5b62
public/card-art/S1-THF-024.webp,71514,0c231b6f132d234f29c39c4ac6fe8ba37e8871c278c4f16f88d6b1af5aa5f9f3
public/card-art/S1-THF-025.webp,72546,f94723d78ff7c969e7793d2698d4f5aad98f0b5701c5c47b0d09d90dafc002d2
public/card-art/S1-THF-026.webp,72512,1f5cf9a55461f97362ea15f8c54800c1fa196709411e9f79aa70d4ed5104fe08
public/card-art/S1-THF-027.webp,67844,d9b05e3ceeea93be5026d7ff9dd50ae8cf2dee21148d14c911e38c58ebe3c030
public/card-art/S1-THF-028.webp,70844,da1532566ae19b3aecd8a4499b3778119848a8566251c99ad5eacfd62de42599
public/card-art/S1-THF-029.webp,75234,9b75f088597c3a5b337b466fb52dd22d873d1e79e63d39ade42beb3abfe35e2f
public/card-art/S1-THF-030.webp,74364,a4509d1175749f3914fae46b21a24461f5127a96768a4617ec476212d5af9b06
public/card-art/S1-THF-H001.webp,68110,fe5ff8467285c3658c7c90db39255046a03e5823a851d4f86877fb5487e31acc
public/card-art/S1-THF-H002.webp,80802,13dd69796d1ee777e8217cd839255a9bc2650afa89c0227667388097badc2860
public/card-art/S1-THF-H003.webp,87782,d83afadd7b3395fb8a0c226bb76e0459d3b3d86c212c7c78ce52a97f3c1028ae
public/card-art/S1-THF-H004.webp,66138,40bd97be124625a3faa4280efed884e637c0d5a201f41749e2dc960d8cf34f24
public/card-art/S1-THF-H005.webp,82604,210900632ad46db50a335d0ac0dc54914be8f5435cf5a19b2c2170ea3514c812
public/card-art/S1-THF-H006.webp,87104,ad7a2dda2f1330df1d1132bc1c3a1a0dd6bc7d6a3190c8da3d20942982185095
public/card-art/S1-THF-L001.webp,66364,f0fad8cc2d03ce301a446f9e5fd81b1488b6f830f628b1cb9dbca3463db63522
public/card-art/S1-THF-L002.webp,70076,14a4d0b1c88c426e6d2e517ba0e5fe751e2316a174cd24681afa047734a606df
public/card-art/S1-WAR-001.webp,57620,5341e3e1d6b03f4b56be31d54098b63621fa603d7aaf09352591d0ef3d90f925
public/card-art/S1-WAR-002.webp,61420,f2e8995e6b35c785a575e8a0e1db2795b8e2cd40474eda70dd3aa525ff29d9f5
public/card-art/S1-WAR-003.webp,62836,4105cdf933f40c326054fbd72cfedf199a929b3667aabf73394f569035418705
public/card-art/S1-WAR-004.webp,68704,a4d026ae68e8511390e4a9dcc6df5d03bf6de81d2436052e8056e04c4fd3c1b0
public/card-art/S1-WAR-005.webp,64170,e57b9f0f28ccb5fc726744c81bd5b1cd06bcadc8eaf4ca7feb8f06c21f1644b6
public/card-art/S1-WAR-006.webp,60704,be7f530dab6357c45e9fd29e7b1801405da86bc1631e26b82fc9624f5552e087
public/card-art/S1-WAR-007.webp,63276,42bf869987be0db6d8a5516c555fef6d6adbf5ec00504f01706b9a7c90a249d0
public/card-art/S1-WAR-008.webp,63674,38a459cea902a2a38deae090280147e35a34053bd51ae8a3d279a4e085d2715d
public/card-art/S1-WAR-009.webp,63566,821f2877143f4d6294153e94cadf10d8bd2615aa19a70edb5b7762d505485183
public/card-art/S1-WAR-010.webp,67620,0649a41e6b419efd9c3ecd1509e02a909496b7b78466dad3db7c00c02e23faeb
public/card-art/S1-WAR-011.webp,63112,29836325c34423d4a096fcda7ded443c45a8c664084a0c65f07244350f3c99d1
public/card-art/S1-WAR-012.webp,70980,59b34340e30e0ac5674e0df4491d988b6c978cf870d84267c3ac05b486162f3b
public/card-art/S1-WAR-013.webp,65824,e4fc19cf038f1a609faff0b2f82dda1a7b5edb3a986f1bd4c5125c6da5d8d218
public/card-art/S1-WAR-014.webp,65726,b7a4de19fd4e7270fcb7d609cbd10444be67e3482a7509251f7dcbf05cf67819
public/card-art/S1-WAR-015.webp,74146,9c9bd8b98453a8dc739f20e74a2d1657adb7e5ef795a8fbef0940ee95d77565c
public/card-art/S1-WAR-016.webp,69646,c992683cc3ba4838caea045dfad25a57159e2839f8ee1df78297114a94e921e9
public/card-art/S1-WAR-017.webp,69292,2b415e6cbbcc1d09f8b366d45f4d802796cfc8987e0a70cc0acd4add39b06a5f
public/card-art/S1-WAR-018.webp,78566,70626978f8fa54aa5452f70318edfadfb65e8b29c0b056c5d22128578863f3f2
public/card-art/S1-WAR-019.webp,66460,3f713ea707c4536bc2441621e7d682d1cc6c2a22d21ba16add7f03db935c5987
public/card-art/S1-WAR-020.webp,71236,5f6f1702f3043ca229334e043c427eba0450aa0432f07fb23d68ef88d48fa5b9
public/card-art/S1-WAR-021.webp,68676,656d09473181126c8c70925f34e923a51ee083aa8a71eab4f87b99181606c908
public/card-art/S1-WAR-022.webp,74218,fee215d31218b1322ad8efa090a06e10d5783f5f3ca9b174dd8264068bb503b3
public/card-art/S1-WAR-023.webp,68536,057da4880227cf934eed3d35348b1420e6436888948aec31986984d2f00dbf18
public/card-art/S1-WAR-024.webp,68880,0afa5b4bb9af6717c61dbb54419ef2d7bceb8d1c1c41ae12596e924ea3e9aa88
public/card-art/S1-WAR-H001.webp,74164,89d3c40b9f7ad7a47a638b8371d68156f51a991fd9eed9a5929e4978c55f208e
public/card-art/S1-WAR-H002.webp,80376,6706c737a6c8a2a53ce266e9d4ac629e56e5e0ca958b43fc03ba7c96d7768624
public/card-art/S1-WAR-H003.webp,87514,53855eecca77b3a81a6f46ca8e7932e4d4dba4372ee630f37b6f47344e15eafd
public/card-art/S1-WAR-H004.webp,78304,565779a9f44567232232f58b8fe717dc90c720458c33461defe4e641ca8e5b8b
public/card-art/S1-WAR-H005.webp,88678,5b783fed3d150fb8f3a35db60eaecdd68928c10f54e151aa8caabb8ed2d14d1e
public/card-art/S1-WAR-H006.webp,93724,e537a579f4270334bbbd90180f2972315ba3623419d6f1fd6b2a4894cfed243a
public/card-art/S1-WAR-L001.webp,60188,92aa1d8a88f7b5acf3b8838feea2882a9f839c1fa838d7a2c0538275dc15700f
public/card-art/S1-WAR-L002.webp,65842,4798fa285bb95e61819c7f1722bda2a4fd18e27ea2cacf0c0b7cf5d28cd4db00
public/config.js,800,1e41d398e660d0e5b2ac728183ba3eb3553d19a8e6bffde4acbd85ce3786f7c3
public/engine/.nojekyll,0,e3b0c44298fc1c149afbf4c8996fb92427ae41e4649b934ca495991b7852b855
public/engine/assets/Background.png,2333666,03bd71e201ddad36c9d044b00ded9589eb0e8054a9324aacb68f3668584d2df5
public/engine/assets/Field.png,28868,c50d530c7ad4b812b2b6bba3bbbd6d0f084a4f3e3a2ccee2a796168265d3fabe
public/engine/assets/audio/Card Sound.mp3,30929,1c04e41918b392a643c22d6c02ef34eeab0341c70d46b7d517078725b79d8ee4
public/engine/assets/audio/Coin Flip.mp3,17280,b4842f9a3f2d25004223313f5473bef74afd79915b6af9bdb35c70f6df8c2b50
public/engine/assets/audio/battle/Dodge.mp3,96000,e07d8c4a9e1140a4de47336fa7c9710877108f5250cd6dd24f31365200d125ff
public/engine/assets/audio/battle/Heal.mp3,55380,cc1b799d0a163ac839956b0790b9718bffa2e7f17c6dd6c020afc6c3a3745e96
public/engine/assets/audio/battle/M.Atk.mp3,33600,f5135d95c80dcfedf5970448a31bf3d6e833627a1824dee0c4cb092d0ee0f24b
public/engine/assets/audio/battle/M.Def.mp3,63744,9fdb77b5bdcd389d555d267ed24f90164b6fe57b534cf2af5476025e0cdeff18
public/engine/assets/audio/battle/P.Atk.mp3,60672,c8a321eff1e55b56a14cfaf2e68db65eb785ccaee60b4ccd0d06936e18027735
public/engine/assets/audio/battle/P.Def.mp3,29257,f1b760212636c96bb891d27d0fe54b163072a9edc45a6293d5c26be95d556c99
public/engine/assets/battle/Blade.png,89243,babb68059849ea7cb9aedbe0b30cb0bdf0198ae54bebe7fef582c065578b8849
public/engine/assets/battle/Heal.png,696905,ba5d19b6772fb89bdb28e9a1057ceb33327ca9c0d3e3be276324a6cbbc57c1ad
public/engine/assets/battle/M.Attack.png,1157906,2c00752fd00fd010f851952c2339b595744db0b9a448c0514f6637ec4a589f85
public/engine/assets/battle/M.Defense.png,1703111,a7a33723dcdde086393012dd2228266e22b7f091a6aea0fe889256605375144a
public/engine/assets/battle/P.Attack.png,925337,da3c26ebb38a5f3267d9ae3cff6c715d3273f4857b94db4073fc61a79cb6b61c
public/engine/assets/battle/P.Defense.png,1011921,a9ba438ca4d953fe7e5947575dce2d616113a8cf97a49931b3e979129a948367
public/engine/assets/counters/Counter-1.png,322454,0163a05b27ab59f3a94cf379ccd5b61e69e9d0819fb3a56e79fc7e13e31a047a
public/engine/assets/counters/Counter-2.png,331027,ad7f17e7ffe9290df4ed06810b6bd80417133e56a14eaa9a14cf8db3310d6bb4
public/engine/assets/counters/Counter-3.png,325302,eef0182e7fe1824d0265d9e9419f2ea81ae594a374ba8ed3de56e9c1e90c21e3
public/engine/assets/counters/Counter-4.png,319404,0b3169cb24c2b0e50aa72c2883c0dd970467915d5b48d2a74c2bc65a9e450c6a
public/engine/assets/counters/Counter-5.png,329164,85f314ae9c68b8e05b27c08f89a9e208b12969e6cb113ef45acd2967928266de
public/engine/assets/counters/Counter-6.png,324062,9b45066100db47a512cea48d91f277899eff1a1b03a97524a634a7b7a438a4ae
public/engine/assets/counters/Counter.png,2316357,721304ae162efb52a15ea70f7218390cab4cf022665c4a63349fbe8daa34b0cf
public/engine/assets/exp/Stack 100-200EXP.png,219538,cadec62c02c8427f13e07490068b31de1f59643a220a5fa0540fd01a16e2250b
public/engine/assets/favicon.png,10391,ba3c77d7c9172a375ad23fb449ad44a1ff4d7dad53a56770f71e352cbc7cb03d
public/engine/assets/fonts/noto-sans/NotoSans-Italic-Variable.woff2,1018368,d1cd64b1d71e55d3548eacdda2235d5ce3b5c15bd8ff1b40a461442a7f819b57
public/engine/assets/fonts/noto-sans/NotoSans-Variable.woff2,888276,4204916b05eabc58243435a9ddfef2a4b88b29c4547aac811c6818695eafcb11
public/engine/assets/fonts/noto-sans/OFL.txt,4396,e51d69f5e43cacd83ab6e5f3f1a47005380ae08b6d108d444be49e786d127458
public/engine/assets/lobby/Swap.png,1089970,b9e181e1fc207a223f2fb615ed0dc851812ef93acfedb6088a5e5b8714e9034f
public/engine/assets/lobby/background.webp,32642,487496dc5ac86b037002a196d17062da05ca925ea16253a0a9532e008bfe44b0
public/engine/assets/lobby/grandis-legacy-logo.webp,132856,c62604a77d5307612c10e47a5eba0337d01b4bb1bb801d97dc4fe844208de8d0
public/engine/assets/status-icons/Icon-Bleed.png,5756,d64592f80dc70c4a092ee20c22ea06537361d21b1ba3b1ddd35de58dad21aeb6
public/engine/assets/status-icons/Icon-Burn.png,6021,40a829720d86019ff33f3fb69bbf17fed7486eecf43cb96d0b199980e10c89db
public/engine/assets/status-icons/Icon-Freeze.png,7995,f5d0ace90bf961e229373a753bd6310b9e0b4bc9b541caca2ab52a33dba725f6
public/engine/assets/status-icons/Icon-Poison.png,9216,6f4c37f9ed50dbc978dc82e2490278c4529b7df735c3a2a55cec0df9d2306aec
public/engine/assets/status-icons/Icon-Stun.png,8695,5555889f55f6eb455c9d6ba2997b1aeae6895629618a0152ae07224aa362fa07
public/engine/index-original.html,4156,aaf3d19bad42600ecd018b8889b96beb0a632699fe8547699e58640a75fd0470
public/engine/js/app.bundle.js,1514310,fea1512c848db146bc489f4763d06f012c52e19d1d4aaf9d2fb1ae0a5a18a26f
public/engine/js/mobile-app-nav.js,1411,5be991d8083c56f744f4499eb0f86031968d178dc55f5aacf8bcfcea3f6586d6
public/engine/js/runtime-authority.js,16161,58a09b947a1d25b2e5e6018c6e0dac9508b5d534dd2a51192cd6dbaf2e1d4399
public/engine/js/static-data.js,11303257,95235864cccb6e16e3554a88d7bacdf073094083aa5650e50c4759dc0fdae607
public/engine/package.json,4358,ead620d761b0a93075dd2ed3ef7798ba2dd6406a6e9010f78c364fe157552ff2
public/engine/shared-app/active-starters.js,47053,9d536dffd4aa811428285c8db1652b8b509b61dadc2b3e200042a85289a09cfe
public/engine/shared-app/app.bundle.js,1496348,b6235b9038de8e3fa07ec0ddc753b084cf7b9e663ea602b6e156d0ddabad6ef2
public/engine/shared-app/app.css,343891,6e94625e2757eca4cfb8a967d91c9c7882f2009e74e95276b446e26ac273de0b
public/engine/shared-app/battlefield-authority.css,57024,2e9ac3d815e366bbfc0972966dc1ee845121fc54ed58490f838268a0a5d93944
public/engine/shared-ui/README.md,656,8d3f03f92ad06dbb8126d46f0c31e120f5555e8db851f54cdca5dda2a745026a
public/engine/shared-ui/battlefield-ui.css,2424,2b70d63c74081a8809b2a2d456ec1b620a9a078ab84f597c0607a928503a9378
public/engine/shared-ui/battlefield-ui.js,4019,110394df12e3052bbcc961de24dad29b5734af65d0a7c0afdd2c8ffdaf8a81cb
public/engine/starter_deck_examples/starter_01_elemental_lord_conqueror_renegade_GL_DECK_1_0.json,12042,7dd79899df1e392f6e20dcea9c37ec5cc0fd4bc4f1518e24189dc47834900906
public/engine/starter_deck_examples/starter_02_saint_crusader_grand_ranger_GL_DECK_1_0.json,11797,6a8cf81226a2c6eceedb0e787d997500785516c2e39dfadce1c4aa7e5f2a7016
public/engine/starter_deck_examples/starter_03_arcane_duelist_elemental_lord_saint_GL_DECK_1_0.json,12056,654235085752ca52cf42dc5df94bfa5551c2edb068e6b54c0b61c1d99bea3481
public/engine/starter_deck_examples/starter_04_grand_ranger_grand_arbalest_renegade_GL_DECK_1_0.json,11708,a92148153a57ef1fdc96f6582424c47251fb8b39fa235c5660323a6bde0fbdda
public/engine/starter_deck_examples/starter_05_renegade_arcane_duelist_elemental_lord_GL_DECK_1_0.json,12347,2367b595bd74c546ee83ecdfe39b16d594deaada89afa08d0232ad19b9640324
public/engine_probe.html,825,9544e5e618333c5e71ad33e55f889344972c49838309efdaccebaecbbbe9b295
public/index.html,43943,7a33c75780a354b55d7a7db0741c108b8659bacb6bc8b728ce692fcdffffdba5
public/option-b-integration.css,82097,8697055b8d56d8bcf0b8639fd176fc493a4b97cbb48b9367613ef1faa19efc19
public/option-b-runtime.js,166467,1183a5a16c7bb43a2a1a56fe6d6fe123a1594e6f84950ee6b0a4d5b29b512a66
public/pvp/pvp-presentation-adapter.js,2693,0556bcd403e78c12aaf5d1bae2c3da2ee50a1dde2c88845b6ed2f4f1a7f6305b
public/pvp/pvp-v372.css,24436,6083e7f90673af2b5ea563ebf55cc6d66a0fb8ce12645293f0a0e406a989b8e3
public/pvp/pvp-v372.js,52542,68ea567f43dee85c6a9ea3e03fbfba0a4fcc13f607fe1cd07d97f94a5032e12d
public/starter_deck_examples/Grandis_Legacy_Starter_Deck_Presets_v1.6.1_PvP.json,105893,13e51f25b90e39264997ef1379611c1053e9990a6cf34dcb4750be80c80ad97e
server/gameplay-intent-router.mjs,11422,8f35f1d2b9328b235f7cdc4628d6c794544c8ca73a8ba236d46f8fc9e2649e8c
server/headless-runtime-compat.mjs,1822,8fdf32801f2ea1646ec3231cea60dbdf81da46c7eba8dcdffc529cf20bf6f13d
server.js,121031,2e44aa6d572972a2554aebb1f5794d270913e06e2ca88c4c11ed94d7d5ca7854
tests/run-v372-battle-feedback.cjs,4661,9186b2feb77105d760cc45c9d2f1263927e96ecf64270c59608e82ef4de14cf3
tests/run-v372-runtime.mjs,6461,947df59cd3f2f0e9e3ca4e9779b786f803edbecdce0d6d49051060b3b20a768c
tests/run-v372-server-sim.mjs,1385,e2a284873d5633ca543caddf437c82e5ff64fbc3cb09af3e70bf5edca6789df6
tests/run-v372-static.mjs,7090,b469b10db7bd4063e03ec424c15802c6455a80e23cbdd281d821182a23da057b
tests/server-sim-child-v372.mjs,15387,3893e998680c623f03b2900cd04635982b1ca15e66ca6e1f1f2925286fbdadf8
